customer_id,customer_name,email,phone,city,state,signup_date
1,Damyanti Bahri,khurananakul@example.org,3517402212,Deoghar,Nagaland,2026-01-31
2,Inaya Tandon,mohammed22@example.com,+914008364313,Akola,Meghalaya,2026-06-14
3,Radhika Sarraf,khatriyug@example.net,2371307025,Bhimavaram,Gujarat,2024-12-05
4,Jalsa Dua,lopa60@example.org,7078962320,Bhiwani,Madhya Pradesh,2025-02-07
5,Veer Chakrabarti,loyalridhi@example.net,+917958330840,Berhampur,Haryana,2026-02-26
6,Chaman Sachar,ayushmandugar@example.org,+916361198838,Sasaram,Bihar,2025-07-18
7,Forum Sethi,kpatel@example.org,+918140355832,Mehsana,Tripura,2026-03-26
8,Victor Apte,sagarekiya@example.org,+919839512801,Kadapa,Madhya Pradesh,2025-02-02
9,Ayaan Setty,andramegha@example.org,8656132024,Dehradun,Manipur,2025-09-19
10,Xalak Hegde,gnagi@example.org,1256002258,Pondicherry,Tamil Nadu,2026-04-29
11,Triveni Mital,wjaggi@example.com,07544463330,Rajkot,Sikkim,2025-05-26
12,Vidhi Tripathi,falakgolla@example.net,+916548898371,Kozhikode,Meghalaya,2023-07-18
13,Urmi Varkey,nramanathan@example.net,2311806377,Agra,Mizoram,2023-10-27
14,Vaishnavi Khare,gulatiazad@example.com,2110586520,Raiganj,Tripura,2024-08-23
15,Anthony Kale,tamble@example.com,+915511279698,Dhanbad,Sikkim,2026-03-03
16,Aditya Kumer,charmaya@example.com,08879295903,Danapur,Madhya Pradesh,2024-11-20
17,Rehaan Kota,tbal@example.org,9912375156,Mira-Bhayandar,Rajasthan,2025-05-10
18,Adweta Guha,shenoynitesh@example.org,3615143747,Narasaraopet,Kerala,2025-06-07
19,Ekalinga Basu,bpai@example.org,08361523568,Jabalpur,Sikkim,2023-09-29
20,Raghav Sundaram,oscar68@example.net,2178332977,Navi Mumbai,Telangana,2025-11-25
21,Amol Prabhakar,chanasai@example.com,05179918147,Khora ,Goa,2024-06-01
22,Faras Bumb,chakrabortysamesh@example.com,5280606237,Solapur,Arunachal Pradesh,2026-03-13
23,Nihal Trivedi,vdewan@example.com,7195893100,Haridwar,Punjab,2024-02-20
24,Aadhya Apte,nitararatta@example.net,02496795101,Ludhiana,Mizoram,2023-08-16
25,Unnati Bhavsar,anandishwar@example.com,+919277463760,Gandhinagar,Himachal Pradesh,2026-05-31
26,Yashvi Pai,odikatara@example.net,08756927775,Raichur,Assam,2024-10-08
27,Rachita Setty,upkaar79@example.com,07954453943,Meerut,Madhya Pradesh,2024-12-20
28,Yachana Nori,dubesimon@example.com,+915413352177,Jodhpur,Assam,2023-10-02
29,Warda Datta,veda83@example.org,0852777045,Nagercoil,Jharkhand,2024-08-31
30,Yasti Ranganathan,seshadrianmol@example.net,+916551186823,Tiruvottiyur,Chhattisgarh,2026-01-18
31,Riya Kohli,brahmbhattrobert@example.org,09633639029,Ramagundam,Chhattisgarh,2024-08-20
32,Henry Bhattacharyya,fmukhopadhyay@example.org,+918189592459,Davanagere,Bihar,2024-03-26
33,Panini Om,dmann@example.net,00992795073,Nagaon,Tamil Nadu,2025-07-21
34,Lucky Gour,dhruvsekhon@example.net,04600332284,Singrauli,Assam,2024-05-24
35,Bina Bail,harinakshi88@example.org,3872113043,Nagercoil,Rajasthan,2026-01-04
36,Mohini Ramachandran,kamdarlila@example.com,09405944572,Chinsurah,Gujarat,2024-12-06
37,Chaitanya Divan,manivansha@example.net,+919874438302,Chennai,Kerala,2026-04-19
38,Eiravati Ratta,hemachar@example.com,7502628714,Jaipur,Sikkim,2025-01-17
39,Nimrat Walia,dadaoni@example.org,07409424455,Kochi,Madhya Pradesh,2024-08-29
40,Keya Dayal,aayush95@example.net,7225422451,Bhagalpur,Jharkhand,2025-09-11
41,Chaaya Thakur,zsarraf@example.com,09032211186,Hosur,Haryana,2025-11-02
42,Unni Vohra,meeramander@example.com,3327219118,Khammam,Meghalaya,2025-03-04
43,Omaja Dugar,dalajakhurana@example.net,03228054916,Medininagar,Uttar Pradesh,2023-08-12
44,Peter Shenoy,chakradharkohli@example.net,06229227246,Gangtok,Madhya Pradesh,2025-11-10
45,Meera Mutti,bahadurjitsarin@example.com,08144930115,Nangloi Jat,Uttar Pradesh,2023-10-09
46,Dipta Sanghvi,ravelbhanumati@example.org,+914336006121,Belgaum,Uttar Pradesh,2024-06-12
47,Nicholas Gokhale,chadfiyaz@example.org,03142371294,Kumbakonam,Rajasthan,2025-02-13
48,Ethan Ahluwalia,wahab13@example.com,2414542165,Ajmer,Tripura,2025-05-06
49,Eta Sachar,zjani@example.net,8929434529,Tezpur,Haryana,2025-03-18
50,Zaid Rattan,patlanoah@example.com,4481824615,Guntakal,Meghalaya,2024-12-09
51,Arya Kaul,simonkhosla@example.org,06299432995,Vadodara,Haryana,2025-11-08
52,Shaurya Toor,lankachanakya@example.org,00124600856,Malegaon,Goa,2025-11-21
53,Darpan Dass,gopalumang@example.org,5456354526,Hosur,Karnataka,2025-12-31
54,Dakshesh Rai,pperi@example.org,7563613075,Akola,Maharashtra,2025-06-16
55,Chaaya Hora,aarnaarya@example.net,+913228131416,Kishanganj,Jharkhand,2023-10-01
56,Gaurang Mani,anshsachdeva@example.com,+911379848604,Nanded,Himachal Pradesh,2025-08-15
57,Lajita Bava,patlanandini@example.org,+913777660668,Karaikudi,Madhya Pradesh,2025-08-20
58,Michael Kaul,nbandi@example.net,7445236312,Berhampur,Andhra Pradesh,2024-07-27
59,Ojas Dugal,dgour@example.org,+914595529421,Sri Ganganagar,Rajasthan,2026-06-13
60,Aarini Suri,abdul14@example.com,03758296392,Berhampur,Gujarat,2024-09-22
61,Chanchal Chopra,praneel05@example.com,+915222270307,Chinsurah,Andhra Pradesh,2026-06-09
62,Jairaj Sachdev,bimala88@example.net,1172208385,Thane,Uttarakhand,2025-09-11
63,Girindra Baria,agrawalnakul@example.org,+919714456690,Cuttack,Haryana,2024-12-24
64,Sneha Panchal,kohlidamyanti@example.net,9677027785,Ramagundam,Rajasthan,2026-05-31
65,Forum Srivastava,batraprisha@example.com,+911473729265,Bathinda,Arunachal Pradesh,2024-10-31
66,Chavvi Gill,kkakar@example.com,+915937069258,Dibrugarh,Goa,2023-09-22
67,Pooja Samra,sarrafvrishti@example.net,+918025816339,Alappuzha,Kerala,2023-10-19
68,Vanya Choudhary,oliver37@example.org,+918481659651,Gorakhpur,Arunachal Pradesh,2025-08-14
69,Nikita Bava,xbalay@example.com,+919069998958,Khora ,Mizoram,2024-05-26
70,Ekiya Radhakrishnan,ganga77@example.org,03453826472,Agartala,Chhattisgarh,2024-04-26
71,Madhav Jhaveri,epandit@example.org,07288217618,Shivpuri,Haryana,2026-07-13
72,Sneha Kumar,vyasnitara@example.com,06658639266,Vijayawada,Uttarakhand,2024-02-11
73,Gagan Sunder,okant@example.org,04383950066,Panvel,Mizoram,2025-11-25
74,Tamanna Parikh,naveendash@example.net,+910862301884,Serampore,Himachal Pradesh,2024-07-05
75,Xalak Batta,alkakakar@example.net,02789320632,Kurnool,West Bengal,2023-11-30
76,Victor Swaminathan,gchaudhari@example.org,5537264331,Tirunelveli,Tamil Nadu,2023-09-28
77,Falguni Kothari,aariniramesh@example.org,+912659485255,Raebareli,Nagaland,2025-03-02
78,Aarini Joshi,bahadurjit90@example.net,09046340476,Aligarh,Bihar,2025-10-17
79,Jagat Buch,zdar@example.org,6341131609,Ghaziabad,Assam,2023-12-14
80,Ikshita Nath,janyasarraf@example.org,+913187446294,Jamshedpur,Manipur,2025-07-26
81,Ojas Choudhary,vasudhawagle@example.com,06866695534,Panvel,Maharashtra,2023-11-18
82,Mahika Parmar,jkulkarni@example.com,+913951454923,Aligarh,Andhra Pradesh,2023-08-10
83,Charvi Dyal,gjoshi@example.org,+915608516719,Siliguri,Assam,2024-03-29
84,Tejas Tank,nicholaskhurana@example.com,02920890378,Bhilai,Odisha,2024-02-29
85,Aarini Deo,bimala45@example.net,+918404248758,Salem,Sikkim,2026-07-14
86,Benjamin Edwin,christopherjoshi@example.org,+919388571443,Bahraich,Tripura,2025-11-27
87,Pahal Joshi,achoudhury@example.com,+913456104262,Sagar,Rajasthan,2025-04-10
88,Naveen Sachdeva,kmisra@example.com,05825209098,Anantapur,Gujarat,2024-06-10
89,Yash Patla,gaurora@example.net,5725310057,Anand,Manipur,2025-03-15
90,Reva Sachdev,virkupasna@example.org,+916217490328,Bikaner,Himachal Pradesh,2026-02-21
91,Vincent Pandit,shivanisur@example.org,2015706139,Khora ,Haryana,2023-09-27
92,Manya Bassi,ombansal@example.com,3861330156,Indore,Haryana,2023-09-20
93,Krisha Mann,zkohli@example.net,0655198804,Bally,Madhya Pradesh,2025-09-01
94,Owen Khosla,zkurian@example.com,0326862512,Jammu,Andhra Pradesh,2026-03-25
95,Rushil Krish,udarshmadan@example.org,1328365586,Guntakal,Assam,2024-07-16
96,Hemang Kalla,xsama@example.com,03324987910,Nashik,Sikkim,2024-01-26
97,Harish Lala,aarinisidhu@example.com,0100383965,Ichalkaranji,Maharashtra,2024-03-06
98,Bina Dara,amara00@example.net,3354019166,Arrah,West Bengal,2025-02-01
99,Triveni Mody,wyohannan@example.com,1329256441,Guntakal,Sikkim,2025-08-24
100,Yauvani Bala,fbalan@example.net,03697293884,Rajkot,Punjab,2024-06-28
101,Liam Soni,ksheth@example.org,3687431707,Bally,Assam,2026-06-21
102,Nimrat Rout,karineha@example.com,6290164541,Kollam,Karnataka,2026-02-28
103,Madhav Bal,forumsha@example.com,08264592960,Amaravati,Odisha,2025-09-11
104,Shravya Sani,suroeshi@example.org,0177521146,Satara,Chhattisgarh,2024-07-20
105,Januja Vaidya,jsolanki@example.com,+917152308443,Sasaram,Mizoram,2025-05-01
106,Ira Sharaf,gaurika46@example.net,4935455816,New Delhi,Assam,2024-03-27
107,Arya Puri,nirjabawa@example.net,+919627094241,Panchkula,Arunachal Pradesh,2025-01-21
108,Daksha Borra,kchacko@example.org,+916797654457,Maheshtala,Karnataka,2025-03-01
109,Ekaraj Bhakta,avni17@example.net,02196588738,Guna,Karnataka,2026-03-31
110,Vamakshi Kumar,fredericksankar@example.org,05255344195,Rohtak,Nagaland,2026-04-25
111,Bhavya Rout,ektacontractor@example.com,06848175416,Surat,Uttar Pradesh,2026-06-24
112,Parth Kapadia,chameliraghavan@example.com,+916666497331,Akola,Himachal Pradesh,2024-05-15
113,Tara Sankar,ynagar@example.org,+917081691272,Kanpur,Andhra Pradesh,2024-06-24
114,Ishanvi Dora,ganga44@example.net,1623948163,Tenali,Uttar Pradesh,2025-02-26
115,Arunima Nagarajan,chananimrat@example.net,0027998712,Moradabad,Goa,2025-05-01
116,Aarnav Ravel,zkunda@example.com,04041266112,Eluru,Goa,2025-09-01
117,Daksha Tandon,prishawalia@example.net,06505133808,Korba,Meghalaya,2024-06-30
118,Manthan Pal,chamelivarty@example.net,+919834834638,Muzaffarpur,Haryana,2024-02-28
119,Chaaya Ravi,ikbal11@example.com,+916310572442,Gaya,Kerala,2024-02-12
120,Kavya Vaidya,rachitasamra@example.net,07681502244,Arrah,Uttar Pradesh,2026-07-15
121,Gavin Palan,zpandit@example.org,04931882669,Nellore,Mizoram,2023-12-12
122,Netra Chacko,bhattidalaja@example.net,1052531572,Ajmer,Punjab,2025-11-30
123,Orinder Parikh,lchokshi@example.com,6344734597,Dhanbad,Manipur,2026-06-05
124,Chasmum Panchal,khareharini@example.org,+911395267325,Kharagpur,Uttarakhand,2023-12-12
125,Madhav Manda,maharajhritik@example.org,09355796896,Saharsa,Himachal Pradesh,2025-08-16
126,Zaitra Mishra,vincent35@example.org,+919889910193,Sikar,Nagaland,2025-12-08
127,Christopher Sengupta,vhora@example.net,+910134732642,Mangalore,Himachal Pradesh,2026-03-03
128,Balveer Korpal,lbala@example.net,9031140665,Patna,Uttarakhand,2026-04-01
129,Bhanumati Choudhary,malhotraarjun@example.net,5654808553,Kirari Suleman Nagar,Uttar Pradesh,2023-12-29
130,Hardik Bora,ysathe@example.net,7548476490,Mira-Bhayandar,Assam,2024-10-17
131,Guneet Acharya,vdeo@example.net,02222391599,Vasai-Virar,Assam,2024-01-03
132,Vasudha Nagarajan,qabilpalla@example.com,+914725136938,Solapur,Maharashtra,2025-01-24
133,Qasim Dani,thakeraachal@example.com,+914149631383,Hyderabad,Rajasthan,2025-06-19
134,Riya Ratti,qabil47@example.org,7129217409,Jhansi,Rajasthan,2026-04-06
135,Charvi Dave,anitapatel@example.com,01775487107,Kolhapur,Sikkim,2026-01-27
136,Urvi Divan,rnarang@example.net,8303609664,Karawal Nagar,Madhya Pradesh,2024-10-23
137,Panini Iyer,bishakhakhanna@example.net,06894283673,Karawal Nagar,Telangana,2024-04-28
138,Maanas Bali,zkota@example.com,+913667847390,Jalna,Andhra Pradesh,2023-10-20
139,Maanas Pillay,wsagar@example.com,07197119970,Rewa,Punjab,2026-03-06
140,Ayaan Comar,onair@example.com,06805116942,Kadapa,Nagaland,2024-01-21
141,Yuvraj Kunda,bajwamahika@example.com,08580623616,Bulandshahr,Rajasthan,2024-08-20
142,Falak Tank,yochananair@example.net,2723607430,Mehsana,Maharashtra,2024-01-01
143,Jyoti Walla,raviharinakshi@example.net,+915217969929,Gaya,Uttar Pradesh,2024-03-10
144,Reva Mander,basakvivaan@example.net,08522824458,Guntakal,Chhattisgarh,2025-09-11
145,Aarnav Pal,yatanvyas@example.net,+918142235993,Jalna,Meghalaya,2026-03-18
146,Gunbir Gill,ychacko@example.net,05966748799,Kottayam,Madhya Pradesh,2025-06-04
147,Unnati Bakshi,karnikdaksha@example.org,+917089575988,Ghaziabad,Tamil Nadu,2024-05-14
148,Aachal Subramanian,janya40@example.net,+912847849777,Panihati,Karnataka,2025-10-04
149,Dhriti Sandal,ocomar@example.com,05179792501,Siwan,Odisha,2025-09-30
150,Irya Wagle,vivaanwali@example.net,+919099495765,Bulandshahr,Odisha,2025-04-06
151,Jagat Srinivasan,gaurav87@example.net,02162133299,Faridabad,Goa,2026-01-23
152,Madhavi Konda,chakradev21@example.net,+911933205991,Khammam,Goa,2026-05-10
153,Pranit Bassi,zinal91@example.org,06670690058,Rajpur Sonarpur,Andhra Pradesh,2024-09-21
154,Ekavir Subramaniam,pranav45@example.com,+916741672412,Unnao,Meghalaya,2026-03-03
155,Mitali D’Alia,kuruvillanachiket@example.net,00605309869,Ahmednagar,Uttar Pradesh,2024-11-18
156,Rachana Borra,abhiram74@example.com,3033565791,Jhansi,Odisha,2024-07-31
157,Watika Cheema,esur@example.org,+912474880500,Tiruvottiyur,Sikkim,2024-10-22
158,Thomas Prabhakar,tsengupta@example.net,+912195970563,Chandigarh,Kerala,2025-03-26
159,Gagan Barad,radhakrishnanrajata@example.org,3120787709,Jhansi,Madhya Pradesh,2024-05-29
160,Upasna Koshy,ldeshmukh@example.com,05624277878,Arrah,Tamil Nadu,2025-12-29
161,Isaac Jayaraman,parikhtanvi@example.org,1927039830,Berhampur,Kerala,2024-07-18
162,Ekbal Kuruvilla,qsidhu@example.com,1750519929,Jalandhar,Goa,2026-01-11
163,Ikbal Choudhary,golegeorge@example.com,9843310941,Durgapur,Maharashtra,2024-02-21
164,Wriddhish Cheema,xdugar@example.net,09428577935,Medininagar,Telangana,2024-12-17
165,Lakshit Devan,rdeo@example.com,+915563751992,Serampore,Andhra Pradesh,2025-02-14
166,Damini Hayre,jaindominic@example.com,02234479356,Bidhannagar,Manipur,2025-09-21
167,Ijaya Pau,suripallavi@example.net,07573212877,Anand,Telangana,2023-11-24
168,Kai Andra,gshukla@example.org,+919145715098,Phagwara,West Bengal,2024-05-15
169,Tanish Gaba,naveen57@example.org,7734664112,Tirupati,Gujarat,2026-03-26
170,Daniel Bora,madanmitali@example.net,1417034884,Karawal Nagar,Kerala,2024-08-17
171,Rishi De,lohit14@example.org,03247514067,Morbi,Odisha,2025-09-08
172,Leela Vala,tellamohammed@example.net,+913345092124,Bally,Kerala,2023-12-25
173,Chandresh Singhal,skorpal@example.org,00001343949,Amritsar,Maharashtra,2025-01-04
174,Alka Pant,tbuch@example.net,+912976278722,Bellary,Assam,2025-06-23
175,Daksha Dalal,zilmilnarula@example.com,4453979120,Vijayawada,Manipur,2025-01-12
176,Chanakya Gupta,dhruvbakshi@example.net,+916666938226,Kochi,Jharkhand,2023-10-14
177,Jason Buch,vivaan93@example.com,+915765912718,Tirupati,Jharkhand,2026-07-10
178,Ekbal Kumer,udyatidoshi@example.net,04320893009,Barasat,Assam,2023-08-27
179,Viraj Swamy,garima48@example.com,5174877818,Bijapur,Himachal Pradesh,2026-07-12
180,Qadim Venkataraman,cramesh@example.com,5540609558,Gurgaon,Jharkhand,2024-09-12
181,Shaurya Aurora,chadaekaraj@example.net,4492279975,Nagaon,Kerala,2024-07-21
182,Tanveer Borde,aachal22@example.com,+914819237875,Kurnool,Tamil Nadu,2024-07-19
183,Darika Sinha,nicholas34@example.org,07820934519,Muzaffarpur,Mizoram,2024-08-24
184,Advaith Naik,warda84@example.net,6308116313,Bardhaman,Tamil Nadu,2023-07-17
185,Rehaan Garg,yashodharapanchal@example.org,03747321959,Nagaon,Bihar,2024-11-24
186,Sneha Vasa,golaekbal@example.net,+910430118795,Jehanabad,Meghalaya,2024-02-24
187,Jalsa Tank,lbanerjee@example.org,+918203303405,Hapur,Goa,2025-10-11
188,Ekaja Hora,dhruv30@example.net,0830857976,Parbhani,Arunachal Pradesh,2025-01-02
189,Aryan Gola,goommen@example.net,0034879263,Tiruvottiyur,Haryana,2025-10-23
190,Abhimanyu Kaur,wasonomya@example.net,5048296279,Bidhannagar,Maharashtra,2023-12-23
191,Samuel Dugar,unnipillay@example.com,02332273992,Bhilwara,Uttarakhand,2025-09-24
192,Nilima Kanda,nathanielkant@example.net,+912733657613,Haldia,Odisha,2023-08-27
193,Baljiwan Dutta,cratta@example.net,+912131551503,Sonipat,Jharkhand,2023-10-29
194,Girindra Prabhakar,sahotaekapad@example.net,0060541583,Phagwara,Punjab,2023-11-27
195,Finn Chaudhry,mgade@example.net,+910044463902,Nagpur,West Bengal,2023-09-06
196,Riya Buch,chakradev34@example.org,+915630058611,Tinsukia,Sikkim,2025-04-09
197,Dayita Saran,ekantikamander@example.org,07493146662,Bikaner,Bihar,2024-12-19
198,Advika Bhargava,avni31@example.com,8380732753,Naihati,Manipur,2025-01-17
199,Aarush Solanki,yashvibaria@example.com,4860970064,Jamshedpur,Andhra Pradesh,2026-06-14
200,Diya Pall,joshua83@example.net,+915763793367,Bhopal,Haryana,2025-04-22
201,Chaitanya Sahota,nagyjack@example.net,1448390899,Maheshtala,Chhattisgarh,2026-06-02
202,Yashodhara Pradhan,hthaker@example.net,09261432395,Mahbubnagar,Mizoram,2024-10-08
203,Laksh Deshpande,waida59@example.org,02975999367,Rajkot,Manipur,2025-08-24
204,Kritika Prabhakar,bathharish@example.net,02915199798,Aligarh,Jharkhand,2025-03-30
205,Harsh Rao,janujasaha@example.net,+910908260492,Gopalpur,Uttarakhand,2024-03-06
206,Vihaan Deep,pupadhyay@example.net,04608175185,Bellary,Mizoram,2023-12-09
207,Champak Bir,ikulkarni@example.com,3622034449,Sagar,Chhattisgarh,2023-11-28
208,Advik Hayer,mannepatrick@example.org,+917053760142,Nandyal,West Bengal,2024-12-04
209,Radhika Sehgal,falanganesh@example.com,+917827556029,Mirzapur,Uttarakhand,2025-07-15
210,Gayathri Taneja,nidrananda@example.org,01121643284,Bahraich,Mizoram,2025-02-28
211,Aayush Lad,jackson35@example.org,03913224304,Sonipat,Uttar Pradesh,2024-06-04
212,Nikita Yogi,kalavanya@example.com,2303593958,Bikaner,Goa,2023-08-31
213,Aashi Dey,guptaanirudh@example.org,9849618028,Rohtak,Assam,2026-01-13
214,Oscar Doctor,vidhi10@example.net,+910268241258,Kolkata,Madhya Pradesh,2025-03-29
215,Nimrat Banerjee,aarnav84@example.net,06891700557,Agartala,Maharashtra,2024-03-14
216,Gauri Pai,vyanjana42@example.org,+913655073277,Thane,Telangana,2025-08-02
217,Raksha Bhattacharyya,zkar@example.net,+915255551368,Firozabad,Chhattisgarh,2025-09-09
218,Lila Mani,saniharish@example.net,+919139174706,Kozhikode,Odisha,2026-04-23
219,Chakradhar Raghavan,hiralshenoy@example.net,+910690445872,Bihar Sharif,Haryana,2024-05-05
220,Yashasvi Loyal,dhriti81@example.org,+912620703121,Singrauli,Madhya Pradesh,2024-12-03
221,Liam Batta,tpuri@example.org,+919507769290,Ramgarh,Haryana,2024-05-07
222,Ronith Varma,imenon@example.net,7352056322,Madurai,Assam,2026-03-09
223,Aayush Mall,ekanshmajumdar@example.net,9420413898,Danapur,Himachal Pradesh,2025-01-14
224,Oeshi Kapoor,aarnav24@example.net,02421777279,Kharagpur,Telangana,2024-11-17
225,Meera Saraf,ekanda@example.com,4022373267,Ulhasnagar,Arunachal Pradesh,2024-10-01
226,Idika Goda,farhanviswanathan@example.org,6165963354,Bhind,Punjab,2024-05-05
227,Chatresh Kashyap,brajagopalan@example.net,+914018993397,Ajmer,Meghalaya,2024-09-19
228,Samuel Dhillon,dmody@example.net,07092519185,Ahmedabad,Telangana,2025-03-04
229,Zehaan Pradhan,libni14@example.org,7159017851,Jabalpur,Rajasthan,2026-01-27
230,Chaman Narang,jnarayan@example.com,0856825176,Gandhinagar,Uttar Pradesh,2024-02-10
231,Jalsa Dhaliwal,kalachristopher@example.net,03012327739,Pallavaram,Bihar,2025-05-30
232,Qadim Pall,nshankar@example.org,08451183264,Rajkot,Assam,2024-03-24
233,Tanvi Madan,rohan52@example.org,3829642933,Mangalore,Assam,2024-10-16
234,Pahal Choudhry,hiteshamble@example.org,1678351881,Barasat,Andhra Pradesh,2023-12-05
235,Ekanta Shroff,keersamar@example.com,06344617193,Gangtok,Telangana,2025-12-01
236,Yamini Korpal,xkade@example.org,02876646892,Muzaffarnagar,Tripura,2025-09-16
237,Alka Sahni,mitalchandran@example.net,09082777521,Belgaum,Maharashtra,2024-02-13
238,Avni Prasad,nakul52@example.net,0082563723,Kavali,Goa,2026-06-24
239,Barkha Ben,ramawaida@example.net,06659894439,Mathura,Rajasthan,2026-03-24
240,Lajita Kakar,alexanderbarman@example.com,2762370130,Vasai-Virar,Sikkim,2025-11-19
241,Nidra Sama,yauvanidugal@example.com,+919861328021,Bhiwani,Rajasthan,2024-10-18
242,Ekbal Nori,azaanwalla@example.net,+917924768398,Munger,Manipur,2025-03-15
243,Qabil Dara,khalsadiya@example.com,6521093434,Karawal Nagar,Odisha,2024-04-14
244,Jonathan Sridhar,iragaba@example.com,9182955665,Noida,Maharashtra,2026-01-15
245,Gaurangi Master,henry65@example.net,+919883058235,Ozhukarai,Chhattisgarh,2025-06-19
246,Tanmayi Lad,dedarpan@example.com,+910626466826,Bareilly,West Bengal,2024-07-07
247,Zaitra Mody,jayaramanrachit@example.net,9608378245,Karaikudi,Assam,2025-03-12
248,Shivansh Narayan,udarshdas@example.com,+918160250249,Amritsar,Gujarat,2024-02-20
249,Ojasvi Bajaj,nisha92@example.com,01734580840,Guntur,Meghalaya,2025-03-20
250,Madhavi Murty,bsura@example.com,+910857805657,Phagwara,Chhattisgarh,2024-02-09
251,Wriddhish Sule,agastya28@example.net,7880040975,Maheshtala,Bihar,2024-07-25
252,Daksha Behl,tarayasti@example.net,+912631023272,Kakinada,Andhra Pradesh,2024-08-17
253,Finn Ghose,chawlachasmum@example.com,2183084795,Sagar,Uttarakhand,2024-01-11
254,Fariq Mutti,samar31@example.net,8888649439,Tinsukia,Rajasthan,2024-05-06
255,Saanvi Dhaliwal,abdulsetty@example.net,5713559284,Jamshedpur,Mizoram,2023-08-14
256,Abhimanyu Sehgal,gaurav98@example.net,07741450022,Srinagar,Nagaland,2026-05-20
257,Maanav Nath,lekha45@example.com,+915050480653,Nangloi Jat,Goa,2025-04-13
258,Widisha Sama,siya62@example.org,4369358454,Ghaziabad,Manipur,2024-06-07
259,Leena Banik,irya93@example.org,7619783592,Giridih,Uttar Pradesh,2024-05-20
260,Ishwar Chawla,ubikahayre@example.org,02532705022,Nagercoil,Himachal Pradesh,2025-08-03
261,Vansha Nayar,arjunbrahmbhatt@example.org,08488043963,Bally,Maharashtra,2025-08-21
262,Nandini Virk,ladlijha@example.net,2803541450,Phagwara,Maharashtra,2024-04-22
263,Lakshit Lata,chadadaksha@example.org,+914888954455,Parbhani,Chhattisgarh,2025-05-17
264,Qadim Sani,avi30@example.com,+917679762048,Rohtak,Odisha,2026-01-31
265,Dayamai Pandya,ishaniiyer@example.net,+914048440129,Katihar,Uttarakhand,2024-10-28
266,Leela Datta,suraamaira@example.com,04750503411,Nanded,Goa,2024-05-13
267,Yatin Balan,lchaudhary@example.org,+917869409745,Ulhasnagar,Gujarat,2023-09-19
268,Amruta Kade,abeerchaudhuri@example.com,+919588630177,Morena,Bihar,2025-10-04
269,Lipika Rajan,dugaralexander@example.org,2717003866,Mira-Bhayandar,Karnataka,2024-08-24
270,Gaurang Soman,chatresh60@example.com,+919914626286,Singrauli,Kerala,2023-12-06
271,Meghana Lad,kamyazacharia@example.net,00878144411,Vasai-Virar,Assam,2024-05-17
272,Inaya Bala,chaman37@example.com,+918995080440,Kakinada,Haryana,2026-01-23
273,Jalsa Bajaj,yashicabhattacharyya@example.net,9069790026,Baranagar,Kerala,2023-11-07
274,Pavani Kuruvilla,talwarnicholas@example.com,4457021542,Motihari,Goa,2025-05-24
275,Omaja Soni,kbala@example.com,5420877290,Kadapa,Andhra Pradesh,2024-02-28
276,Akshay Vyas,lsankaran@example.net,09160376547,Tirupati,Uttar Pradesh,2026-03-03
277,Balveer Bhatt,nkashyap@example.com,04523224395,Durgapur,Maharashtra,2024-01-10
278,Adya Memon,grewaltanish@example.net,+919635750758,Singrauli,Madhya Pradesh,2024-10-20
279,Rayaan Kamdar,goyalmitesh@example.net,1961800750,Vasai-Virar,Rajasthan,2025-11-08
280,Nidhi Garg,azaanbehl@example.org,1066399415,Farrukhabad,Himachal Pradesh,2024-03-04
281,Kiaan Keer,ridhipall@example.org,4157052031,Barasat,Nagaland,2025-09-07
282,Irya Chand,guptatara@example.org,7717439245,Jorhat,West Bengal,2023-09-15
283,Eiravati Buch,nsagar@example.net,+917909776274,Ichalkaranji,Gujarat,2024-11-29
284,Eesha Agarwal,syohannan@example.com,2338507298,Hospet,Karnataka,2024-07-11
285,Bhavika Virk,ethakur@example.net,06813488186,Hajipur,Tripura,2025-10-21
286,Manthan Sankaran,mohantytanvi@example.org,04719099018,North Dumdum,Chhattisgarh,2025-06-04
287,Devansh Memon,aachal09@example.net,3171510780,Guntakal,Assam,2024-07-01
288,Balhaar Vora,caleb95@example.com,08809433409,Chandrapur,Himachal Pradesh,2026-03-02
289,Ojasvi Thaman,keergaurav@example.org,06439988316,Morbi,Tripura,2025-07-15
290,Zashil Puri,harsh01@example.com,+912184608778,Korba,Arunachal Pradesh,2024-07-01
291,Arin Pai,somvedant@example.com,05309094726,Noida,Nagaland,2024-05-07
292,Hredhaan Bora,varenyasidhu@example.com,03978165360,Sonipat,Chhattisgarh,2024-07-08
293,Hredhaan Mani,umenon@example.net,+910996797358,Sultan Pur Majra,West Bengal,2023-10-12
294,Unnati Nadig,manthan10@example.org,01647812130,Meerut,Odisha,2024-04-30
295,Ati Nair,ayaannayak@example.com,+919753507268,Gwalior,Punjab,2025-02-05
296,Joshua Keer,panini93@example.net,00753761875,New Delhi,Goa,2025-04-04
297,Umang Ramanathan,xdasgupta@example.com,06548214852,Tumkur,Nagaland,2025-09-18
298,Warjas Subramaniam,mitalimani@example.net,00627703828,Amravati,Uttar Pradesh,2024-02-12
299,Balvan Salvi,upadhyaysamuel@example.com,3337126819,Jodhpur,Odisha,2025-09-02
300,Vamakshi Dani,mmani@example.org,+917749861961,Dhule,Rajasthan,2025-04-21
301,Chandresh Jain,ekothari@example.com,+911824902609,Coimbatore,Andhra Pradesh,2023-10-22
302,Patrick Loke,cnarayanan@example.net,00402973471,Vasai-Virar,Haryana,2024-02-06
303,Aarav Acharya,nbail@example.com,+910180516261,Siliguri,Chhattisgarh,2025-07-08
304,Jairaj Sekhon,aayush36@example.com,+913661249023,Tiruppur,Manipur,2025-09-29
305,Indali Sharma,dkade@example.org,1614552011,Khandwa,Tamil Nadu,2024-02-22
306,Wriddhish Naidu,lchana@example.com,08817187012,Kishanganj,Goa,2024-11-04
307,Manbir Gade,kaladarika@example.net,+914934445150,Sri Ganganagar,Chhattisgarh,2024-04-01
308,Falan Desai,triptidhaliwal@example.net,3428067183,Aligarh,Tripura,2025-02-09
309,Vinaya Sant,neelima03@example.net,9113867013,Bhubaneswar,Punjab,2026-01-23
310,Christopher Wason,pranit78@example.net,+912964503832,Ambarnath,Karnataka,2025-05-12
311,Chatresh Chakrabarti,chanaqabil@example.com,2828192726,Salem,Bihar,2024-03-05
312,Naveen Barman,amarasingh@example.com,+919035429416,Gulbarga,Uttar Pradesh,2025-08-19
313,Pratyush Varty,anmolchad@example.org,+917631067593,Tadipatri,Himachal Pradesh,2026-05-31
314,Pavani Sangha,aaravsoman@example.com,+912142474537,Raurkela Industrial Township,Maharashtra,2025-07-20
315,Kamya Parmer,johaltejas@example.net,6300098008,Eluru,Mizoram,2025-06-10
316,Sai Mitter,kabir16@example.org,4967271807,Miryalaguda,Haryana,2025-11-03
317,Pallavi Deol,aadinarasimhan@example.com,+918740761751,Berhampur,Telangana,2025-01-16
318,Hamsini Mandal,keeryutika@example.org,00217477374,Suryapet,Sikkim,2025-07-11
319,Harish Randhawa,krishbhakta@example.net,2825532446,Bilaspur,Himachal Pradesh,2023-09-24
320,Amaira Vala,kavyachowdhury@example.com,09700195717,Akola,Kerala,2026-04-25
321,Veda Kalita,yatin39@example.org,07005208714,Jorhat,Kerala,2024-05-09
322,Bhavna Chand,neelchaudhari@example.org,+917923426661,Berhampore,Arunachal Pradesh,2025-11-26
323,Isha Oommen,teerthdani@example.org,6495446666,Amaravati,Mizoram,2025-12-22
324,Vaishnavi Sangha,mwalia@example.net,06521494296,Hazaribagh,Maharashtra,2024-06-21
325,Devansh Subramanian,vmukherjee@example.org,2728824908,Kavali,Tamil Nadu,2023-10-08
326,Priya Dua,dugalvasatika@example.com,4633255288,Kharagpur,Punjab,2024-10-25
327,Pranit Andra,jtank@example.net,08466828430,Ahmedabad,Chhattisgarh,2023-10-30
328,Jairaj Sachar,jagvi93@example.org,05484155706,Bijapur,Mizoram,2024-04-18
329,Zashil Khalsa,parth51@example.com,+914893238431,Delhi,Karnataka,2025-01-05
330,Pranit Halder,dayamaiwalia@example.com,04309235221,Karimnagar,Meghalaya,2025-07-24
331,Fiyaz Thakur,owenray@example.org,09054950281,Rourkela,Telangana,2024-07-02
332,Shivansh Kothari,nigamkaran@example.net,08292803584,Indore,Jharkhand,2025-04-08
333,Oscar Gara,etaagrawal@example.net,+910111096033,Belgaum,Mizoram,2024-01-01
334,Vihaan Ravel,mpatil@example.com,8385388149,Dehri,Jharkhand,2024-11-17
335,Ansh Pingle,jchacko@example.org,+918778554972,Mango,Haryana,2023-09-23
336,Rajata Kara,chandoni@example.net,+910488797542,Jalgaon,Mizoram,2026-05-05
337,Yashica Krishna,chaudryhritik@example.com,1010187650,Amravati,Gujarat,2026-04-29
338,Edhitha Konda,wnair@example.org,+911232298617,Satna,Madhya Pradesh,2025-02-02
339,Harish Dora,mandaridhi@example.net,08675844091,Chennai,Mizoram,2024-06-14
340,Amol Dara,munshifalak@example.com,5493366569,Darbhanga,Maharashtra,2025-04-19
341,Xavier Dutt,mbhatt@example.com,06763999986,Sangli-Miraj & Kupwad,Assam,2023-07-20
342,Gaurav Dyal,aryabalakrishnan@example.net,2634548715,Buxar,Maharashtra,2025-04-28
343,Ekaja Mukhopadhyay,biswashiral@example.net,09486466267,Hosur,Punjab,2025-05-23
344,Neel Babu,comaryochana@example.org,+913723914518,Sambhal,Haryana,2025-11-10
345,Aarini Acharya,wishikapur@example.org,5823832856,Fatehpur,Maharashtra,2025-05-21
346,Aryan Sahota,jackbala@example.org,9596796471,Madhyamgram,Mizoram,2024-12-16
347,Falan Bhalla,chasmum73@example.net,6478878194,Sri Ganganagar,Rajasthan,2024-11-12
348,Anya Narang,krishna60@example.org,04962208949,Saharanpur,Uttar Pradesh,2025-10-19
349,Laksh Khatri,ishanimajumdar@example.net,03576106720,Kulti,Uttar Pradesh,2025-08-03
350,Liam Chowdhury,williamsandal@example.com,6456337128,Proddatur,Telangana,2025-04-15
351,Hitesh Suri,qasimchanda@example.org,07202572273,Hajipur,Kerala,2024-02-19
352,Ethan Rau,nandini08@example.net,2166744971,Avadi,Uttar Pradesh,2025-10-16
353,Ethan Upadhyay,gbahri@example.org,+913915688201,Raipur,Maharashtra,2023-10-21
354,Caleb Oza,samuelmammen@example.com,5911286052,Asansol,Kerala,2023-12-10
355,Eiravati Raghavan,harish95@example.net,2789458545,Nagpur,Arunachal Pradesh,2023-10-14
356,Jasmit Tata,upadhritideshmukh@example.org,04741154999,Pudukkottai,Manipur,2026-06-21
357,Upasna Sachdev,ynigam@example.org,+919177761192,Bihar Sharif,Himachal Pradesh,2024-09-18
358,Neelima Mitter,zgopal@example.net,+910876182435,Kochi,Punjab,2026-01-04
359,Jatin Walia,vchanda@example.com,05609435735,Burhanpur,West Bengal,2023-12-22
360,Radhika Sood,nagarajaneiravati@example.net,+918797181555,Dewas,Odisha,2025-09-10
361,Abha Subramanian,saumyasaini@example.net,02469270289,Ahmednagar,Punjab,2026-02-01
362,Udarsh Karnik,onveerrastogi@example.org,00534997473,Rewa,Arunachal Pradesh,2025-09-05
363,Eta Bajwa,kamyahans@example.org,+918443074143,Panvel,Goa,2025-04-05
364,Qadim Dutt,diptashah@example.org,1249259312,Thrissur,Maharashtra,2024-06-12
365,Yashodhara Sachar,peribishakha@example.com,05215039039,Tadipatri,Tamil Nadu,2025-12-06
366,Warhi Bhargava,lalazayyan@example.com,01252102618,Bhiwandi,Meghalaya,2024-03-04
367,Laksh Bali,gayathri38@example.org,08762539760,Chandigarh,Tripura,2023-09-16
368,Ridhi Shan,faras43@example.com,+911121669021,Kolkata,Haryana,2025-04-08
369,Chakradev Yohannan,aradhana39@example.com,6747949869,Rajkot,Maharashtra,2024-09-17
370,Rayaan Narayan,upkaar58@example.com,9182891027,Kadapa,Manipur,2025-10-11
371,Leena Jaggi,ojasvi78@example.com,02763082939,Pallavaram,Uttarakhand,2023-11-29
372,Krisha Bail,ddubey@example.org,06414686479,Vijayanagaram,Karnataka,2025-02-24
373,Ishanvi Kumer,oshaverma@example.net,5581753874,Nagercoil,Rajasthan,2025-03-29
374,Zaitra Bhatti,elijah36@example.net,03028285425,Tenali,Tamil Nadu,2026-05-22
375,Sanaya Dugar,lchauhan@example.org,+914842146355,Anantapuram,Gujarat,2024-06-09
376,Ira Soman,krishnananusha@example.net,01238652727,Tirupati,Goa,2025-10-14
377,Max Oommen,baliijaya@example.com,02985033560,Kollam,Sikkim,2025-01-16
378,Harrison Sathe,vrittibains@example.net,04212070694,Ramgarh,Manipur,2026-03-31
379,Farhan Yohannan,nagidalbir@example.org,5326454366,Berhampore,Kerala,2025-04-24
380,Amruta Sathe,jonathan52@example.org,09114781533,Kulti,Karnataka,2024-06-13
381,Zayyan Kaul,jbhatnagar@example.com,08783267824,Tiruchirappalli,Jharkhand,2025-10-21
382,Maanas Kadakia,pausaksham@example.org,04980680418,Bilaspur,Maharashtra,2026-02-23
383,Qasim Kata,jhaveriyamini@example.com,6474697675,Patiala,Madhya Pradesh,2025-03-15
384,Ayush Wali,basuwarda@example.org,+917625439625,Mehsana,Manipur,2025-12-18
385,Vanya Acharya,dasspranit@example.net,9760810318,Shahjahanpur,Tamil Nadu,2026-04-19
386,Jonathan Roy,girindra58@example.org,8644518589,Allahabad,Haryana,2025-08-04
387,Warhi Aggarwal,reddyjagdish@example.com,05628204936,Ozhukarai,Sikkim,2026-01-02
388,Abha Om,lakshit56@example.com,+917288189694,Ongole,Tripura,2024-10-21
389,Harsh Doshi,gaurikaloyal@example.com,8278909060,Ludhiana,Sikkim,2023-12-08
390,Aarush Sheth,ydhar@example.org,06775846472,Jaipur,Tamil Nadu,2024-02-05
391,Ayush Balakrishnan,doshivedika@example.org,7351853426,Haldia,Rajasthan,2024-05-03
392,Sachi Bahri,ayaan16@example.net,+914094086589,Siwan,Uttarakhand,2025-11-01
393,Samuel Soman,shravya10@example.org,+913965756876,Nagercoil,Chhattisgarh,2025-09-28
394,Nilima Raju,bhavika15@example.org,06451442877,Vellore,Meghalaya,2025-03-08
395,Dhruv Batta,nagarajansarthak@example.com,5273147501,Bongaigaon,Andhra Pradesh,2025-09-21
396,Saanvi Bera,arinchaudhry@example.com,03860883474,Korba,Kerala,2025-05-04
397,Raagini Kapadia,aadiwali@example.org,+911767527431,Ulhasnagar,Goa,2024-04-06
398,Balvan Batta,gunbirbhasin@example.net,8035566455,Alappuzha,Jharkhand,2024-05-21
399,Hema Soman,bhandarigautam@example.net,08502931224,Gulbarga,Sikkim,2025-11-03
400,Ishwar Ahluwalia,ramannidhi@example.net,+918424225003,Farrukhabad,Assam,2026-05-09
401,Shivani Sangha,lakshmibahl@example.com,07427346762,Bhilwara,Assam,2024-08-16
402,Bakhshi Vala,ccheema@example.com,08268732231,Sultan Pur Majra,Himachal Pradesh,2024-03-02
403,Jonathan Kurian,ikbal95@example.net,05288036468,Siwan,Assam,2023-09-16
404,Vasatika Swaminathan,manthansekhon@example.com,0119043480,Latur,Rajasthan,2024-05-17
405,Aachal Ramaswamy,neelvaidya@example.com,08637222165,Parbhani,Andhra Pradesh,2024-09-10
406,Indrajit Devi,rajukrish@example.com,06201335383,Guntakal,West Bengal,2025-06-26
407,Rushil Deep,imaran56@example.org,04388003094,Sambhal,Jharkhand,2025-07-29
408,Anthony Oza,rajankrishna@example.net,0071478290,Loni,Goa,2024-03-25
409,Harish Randhawa,dasguptakalpit@example.net,3246840249,Pimpri-Chinchwad,Punjab,2024-03-08
410,Girindra Raval,jravel@example.org,+917439094770,Junagadh,Haryana,2023-08-05
411,Chandresh Ratti,desaibahadurjit@example.com,+914226382166,Bulandshahr,Chhattisgarh,2025-06-03
412,Ekani Rege,fkhurana@example.net,2627600796,Warangal,Madhya Pradesh,2025-10-26
413,Unnati Sha,mahalhritik@example.com,+913943725236,Berhampur,West Bengal,2024-02-10
414,Barkha Keer,dalajamall@example.net,5642986427,Belgaum,Uttar Pradesh,2024-10-10
415,Sanya Dugar,forum26@example.org,+917340706091,Thoothukudi,Nagaland,2023-08-31
416,Hamsini Devi,anita51@example.com,07794474121,Tiruppur,Himachal Pradesh,2024-03-19
417,Deepa Andra,ranageetika@example.org,+916869852122,Begusarai,Maharashtra,2026-03-09
418,Lavanya Bhardwaj,chaudharyvaishnavi@example.net,+912184927325,Tenali,Jharkhand,2025-03-28
419,Pratyush Saxena,praneel22@example.com,2084667319,Bijapur,Sikkim,2023-08-16
420,Nisha Chaudhuri,xkeer@example.com,+915176068230,Gudivada,Mizoram,2023-11-28
421,Aarna Magar,kibehiral@example.com,+915599990556,Junagadh,Manipur,2023-09-02
422,Yashawini Mitra,zashilpal@example.org,08001026617,Ambarnath,West Bengal,2025-01-28
423,Daksha Cheema,onveer84@example.com,+918887123347,Phagwara,Manipur,2024-09-06
424,Abhiram Kari,upalla@example.com,+910340341672,Surat,Manipur,2025-03-23
425,Manya Varkey,udarshmutti@example.org,+912572912031,Kochi,West Bengal,2024-11-01
426,Ucchal Subramaniam,xbarman@example.com,+913437606369,Bongaigaon,Assam,2025-08-16
427,Chakradhar Khurana,hemal44@example.com,09130565986,Amaravati,Chhattisgarh,2025-12-07
428,Joshua Wable,deolbishakha@example.org,+915791429890,Bhavnagar,Kerala,2023-08-15
429,Tanvi Pant,somanchatresh@example.org,06589237754,Khandwa,Maharashtra,2023-12-27
430,Dakshesh Swamy,qarin07@example.org,05468060071,Thiruvananthapuram,Goa,2026-06-03
431,Vansha Goel,kdeo@example.com,5423252374,Morbi,Chhattisgarh,2025-01-10
432,Tristan Purohit,chaitalyramanathan@example.net,06837041311,Agra,Himachal Pradesh,2023-07-24
433,Chaman Jani,faris52@example.com,+912011679887,Bidhannagar,Andhra Pradesh,2025-01-18
434,Nandini Sundaram,jeet56@example.com,02695059900,Aurangabad,Arunachal Pradesh,2025-06-20
435,Nidhi Bhalla,panini53@example.net,+917120349015,Khandwa,Arunachal Pradesh,2024-07-08
436,Luke Sundaram,yash28@example.com,7241582781,Firozabad,Madhya Pradesh,2024-04-15
437,Anamika Agate,oviya84@example.net,02481633379,Thane,Nagaland,2026-05-20
438,Parth Butala,avi71@example.com,+910990677056,Gwalior,Madhya Pradesh,2025-03-19
439,Pranav Sethi,aachal25@example.com,03780608391,Shimla,Maharashtra,2024-02-28
440,Arunima Panchal,maanas29@example.org,7587903249,Tiruvottiyur,Gujarat,2026-01-13
441,Januja Mahal,benjamin55@example.com,5780025032,Gulbarga,Gujarat,2026-02-24
442,Januja Guha,memonneha@example.com,3659345509,Navi Mumbai,Bihar,2025-04-29
443,Finn Kadakia,rajeshricomar@example.net,+912858719372,Sasaram,Tamil Nadu,2024-12-28
444,Kritika Badami,bahlbenjamin@example.com,09112591329,Jabalpur,Chhattisgarh,2024-05-06
445,Kabir Madan,aahana38@example.net,3540883638,Allahabad,Rajasthan,2023-08-22
446,Henry Swamy,lallalibni@example.com,3873322350,Ludhiana,Assam,2025-02-05
447,Yug Sachdeva,maneeesha@example.org,2554419183,Gandhinagar,Rajasthan,2025-05-21
448,Ojasvi Lal,wazirborra@example.org,8469769171,Sagar,Punjab,2024-12-25
449,Ekbal Chaudhari,indira39@example.org,0287453787,Medininagar,Sikkim,2025-07-24
450,Nidhi Subramanian,arinpillay@example.com,06962093453,Purnia,Telangana,2025-01-24
451,Sneha Narain,niteshkari@example.net,9834402839,Chennai,Rajasthan,2023-07-25
452,Yashawini Shankar,ekta56@example.org,+915362464514,Sangli-Miraj & Kupwad,Telangana,2023-09-02
453,Rehaan Radhakrishnan,ikara@example.net,0220698099,Medininagar,Rajasthan,2025-08-04
454,Abeer Hayre,ftripathi@example.com,+919302300861,Gandhidham,Himachal Pradesh,2024-05-01
455,Nicholas Venkatesh,vyasvamakshi@example.org,9883758914,Jalna,Manipur,2025-08-09
456,Harshil Sarin,vrindadeshmukh@example.org,04714896063,Fatehpur,Kerala,2025-04-12
457,Hemang Baria,vanshasetty@example.net,+915849826729,Bhimavaram,Gujarat,2025-01-18
458,Saanvi Dugar,sathvik04@example.com,04210490119,Satna,Assam,2024-01-14
459,Advaith Pandit,samaamara@example.org,+917556356997,Nagercoil,Gujarat,2025-01-24
460,Xiti Goswami,chanchal03@example.net,02120337817,Jalandhar,Madhya Pradesh,2026-06-18
461,Patrick Lad,toorindira@example.net,07361097557,Rajahmundry,Gujarat,2025-02-15
462,Lajita Kari,balvan49@example.org,+917486475775,Noida,Manipur,2025-04-30
463,Fiyaz Naidu,reyanshravi@example.org,0013098994,Suryapet,Gujarat,2023-07-19
464,Vedika Saraf,naksh20@example.net,5925949199,Giridih,Himachal Pradesh,2025-10-29
465,Faris Som,harishgoda@example.com,05711485525,Gandhinagar,Madhya Pradesh,2026-04-12
466,Bhanumati Lad,mohantyjanaki@example.org,08398963719,Thoothukudi,Sikkim,2025-06-03
467,Yuvraj Maharaj,csubramanian@example.net,+914511299056,Jamalpur,Tripura,2025-05-21
468,David Ganesan,nandiniradhakrishnan@example.com,04701515265,Ozhukarai,Assam,2025-03-05
469,Ishwar Pant,pavani33@example.net,+916398495484,Kishanganj,Sikkim,2024-12-28
470,Tejas Sagar,tbandi@example.org,+911172828555,Bathinda,Himachal Pradesh,2026-06-03
471,Omya Bhavsar,lvarkey@example.com,+911500120364,Bongaigaon,Manipur,2024-07-26
472,Gautam Patla,guhaumang@example.net,5713364404,Mumbai,Uttarakhand,2023-10-20
473,Hemangini Kara,sakshamdar@example.org,+913400573081,Silchar,Mizoram,2026-05-23
474,Tara Narang,dipta52@example.com,+917555098763,Rohtak,West Bengal,2025-03-19
475,Nidra Radhakrishnan,ranbir76@example.net,00648329182,Sangli-Miraj & Kupwad,Punjab,2024-12-22
476,Yatin Rao,wahabmandal@example.com,1430945243,Ambarnath,Odisha,2025-03-08
477,Yatin Yogi,vasatikasoni@example.net,6129469022,Rewa,Madhya Pradesh,2024-10-16
478,Shaurya Bahri,duttbina@example.net,6877699059,Jehanabad,Rajasthan,2025-10-09
479,Joshua Pal,bhavanijani@example.net,4950373232,Chinsurah,Bihar,2025-07-22
480,Arjun Bora,balabachittar@example.net,9824782643,Secunderabad,Himachal Pradesh,2023-10-25
481,Warinder Ratti,warda84@example.org,7645524568,Alappuzha,Mizoram,2024-08-12
482,Yauvani Golla,abdul05@example.com,08271564265,Mangalore,Bihar,2025-03-05
483,Amrita Chandran,vigeiravati@example.org,01923233496,Guntur,Rajasthan,2026-04-24
484,Yamini Doshi,emangal@example.org,+911859203980,Anantapuram,Sikkim,2025-04-15
485,Abha Nath,rajadev@example.org,00435079117,Amravati,Tamil Nadu,2023-11-14
486,Tanish Iyer,vyanjana69@example.com,04981059005,Kottayam,Rajasthan,2025-03-16
487,Bahadurjit Srinivas,nadkarniupkaar@example.com,02173685923,Hyderabad,Himachal Pradesh,2026-07-09
488,Mitesh Saini,saanvi59@example.net,+913352950773,Vellore,Tripura,2024-09-20
489,Prisha Deep,santyug@example.org,6308669424,Coimbatore,Punjab,2024-11-17
490,Vasatika Hayer,sdoctor@example.org,9274757470,Avadi,Chhattisgarh,2025-12-02
491,Madhav Mitra,balendra10@example.net,+919847554446,Nandyal,Himachal Pradesh,2023-11-14
492,Ikbal Rout,egarde@example.com,+912714660069,Malda,Telangana,2026-04-16
493,Yashawini Saran,lohit33@example.net,08108320045,Tadepalligudem,Karnataka,2024-08-20
494,Ira Sani,yswaminathan@example.org,+910840933393,Pallavaram,Assam,2024-03-20
495,Girindra Swamy,christopherganesan@example.net,1892108925,Ratlam,Sikkim,2023-08-21
496,Dalbir Wali,indali41@example.net,04219617544,Ichalkaranji,Goa,2024-08-15
497,Ekta Loyal,ozakashvi@example.net,+911465753922,Karimnagar,Maharashtra,2023-12-28
498,Aditya Venkatesh,dkata@example.com,03139003515,Belgaum,Himachal Pradesh,2023-09-28
499,Nidhi Bahl,lopa58@example.net,+913225364800,Dewas,Uttarakhand,2023-12-30
500,Rajata Raman,parikhirya@example.org,9681556631,Dehri,Tamil Nadu,2026-01-30
501,Edhitha Manne,ranveer96@example.com,1169913544,Anantapur,Chhattisgarh,2026-06-19
502,Sachi Lala,ekajareddy@example.com,+917855111074,Tadipatri,Tripura,2025-11-23
503,Harrison Choudhury,zashilsachdev@example.org,4900827866,Malda,Bihar,2025-06-01
504,Sanya Chadha,pauimaran@example.net,0216223798,Gurgaon,Telangana,2025-05-21
505,Qarin Natarajan,raukalpit@example.org,04894876347,Kochi,Telangana,2025-09-25
506,Atharv Bala,ygarde@example.com,1493454876,Raichur,Kerala,2024-10-07
507,Oscar Kala,hansabha@example.com,05180999882,Srikakulam,Meghalaya,2024-09-03
508,Chatresh Luthra,charvirajan@example.org,+910873078970,Unnao,Punjab,2025-04-12
509,Naveen Hans,kkrishnamurthy@example.net,01849482823,Karnal,Maharashtra,2023-09-21
510,Divya Rout,naikbalvan@example.com,01302017636,Chandrapur,Jharkhand,2026-03-30
511,Warinder Wagle,csibal@example.com,5965286901,Shimoga,Bihar,2025-01-29
512,Logan Madan,zansichand@example.org,9654330679,Jammu,Tamil Nadu,2024-11-12
513,Nathaniel Sarma,radha62@example.org,3550146286,Bharatpur,Sikkim,2026-05-29
514,Onveer Dube,dugarjanya@example.com,+910600094986,Avadi,Meghalaya,2025-10-29
515,Jonathan Mane,jagrati42@example.net,1001804793,Gangtok,Chhattisgarh,2025-05-26
516,Christopher Solanki,zayan59@example.net,+910192706748,Amravati,Himachal Pradesh,2026-02-06
517,Nakul Seshadri,pavani55@example.net,04341210600,Sirsa,Uttarakhand,2024-11-09
518,Guneet Hayre,rbhagat@example.org,00506480955,Rajahmundry,Arunachal Pradesh,2024-06-25
519,Radha Sabharwal,yde@example.com,08023090278,Ajmer,Chhattisgarh,2025-07-24
520,Upma Pant,peterthakur@example.net,08577496405,Ghaziabad,Uttar Pradesh,2023-09-30
521,Advay Tripathi,jwable@example.net,09878135552,Alwar,Punjab,2024-06-21
522,Amaira Raj,chakradev88@example.net,+913620096598,Bhiwani,Mizoram,2024-06-27
523,Dayamai Natt,nshere@example.org,04146545409,Surendranagar Dudhrej,Assam,2026-04-12
524,Meera Dixit,udarsh20@example.org,00262389143,Kulti,Odisha,2023-09-17
525,Gavin Mishra,neelsankar@example.com,+910048029912,Tadipatri,Uttar Pradesh,2026-06-15
526,Aadhya Ghosh,zbala@example.net,1522272708,Satna,Meghalaya,2024-12-09
527,Ishaan Kuruvilla,yashica68@example.net,+918062852840,Nagercoil,Meghalaya,2025-07-12
528,Elijah Parmar,gopal15@example.org,4213982614,Sambalpur,Maharashtra,2025-08-17
529,Anvi Bakshi,odika90@example.org,02730750954,Silchar,Punjab,2025-05-21
530,Dev Vasa,yogileela@example.com,7411017458,Gulbarga,Rajasthan,2026-02-23
531,Isaiah Lalla,udua@example.org,05720605443,Lucknow,Sikkim,2024-12-05
532,Lakshmi Chokshi,pushti60@example.com,06997583542,Rajpur Sonarpur,Telangana,2024-05-26
533,Lopa Raghavan,aben@example.net,03403413068,Malda,Karnataka,2025-06-02
534,Jairaj Nori,npatla@example.org,+915640571181,Warangal,Telangana,2023-12-04
535,Ayaan Dube,paltriveni@example.net,5491597579,Korba,Punjab,2025-12-11
536,Aryan Majumdar,jainyash@example.com,05411019878,Dibrugarh,Chhattisgarh,2026-01-14
537,Kalpit Badal,calebrege@example.net,06753071748,Jamnagar,Haryana,2026-06-15
538,Nitara Chana,damini35@example.org,+916760873390,Chandrapur,Rajasthan,2025-11-21
539,Eta Atwal,ganganath@example.com,2635747668,Nellore,Assam,2025-06-28
540,Theodore Rattan,shauryabansal@example.net,01410818043,Chittoor,Punjab,2024-11-15
541,Maanas Dhillon,hemal01@example.org,+911243399555,Nellore,Tripura,2026-03-12
542,Dominic Aggarwal,nbhargava@example.net,+919563354348,Bhalswa Jahangir Pur,Uttar Pradesh,2025-09-07
543,Anmol Acharya,amaira99@example.net,+919964032129,Ahmednagar,Haryana,2026-03-18
544,Kala Ramesh,malhotranetra@example.com,03386616530,Kollam,Chhattisgarh,2024-07-14
545,Ethan Narain,maxdas@example.net,3768564324,Begusarai,Goa,2025-07-12
546,Lekha Apte,radhika90@example.net,+917087287155,Ramagundam,Uttarakhand,2026-05-08
547,Lopa Dash,iraja@example.net,+915474117594,Pune,Punjab,2025-08-19
548,Upma Rajagopal,chaudhuribanjeet@example.com,+914453311268,Aurangabad,Jharkhand,2024-02-14
549,Tejas Soni,dchander@example.org,2352736654,Mumbai,Mizoram,2024-09-27
550,Barkha Nair,yashvi40@example.org,06933512900,Ahmednagar,Arunachal Pradesh,2026-02-20
551,Osha Khare,ekantika96@example.com,9829805714,Sasaram,Tripura,2025-12-18
552,Vinaya Palla,randhawaaadhya@example.com,8585413120,Mirzapur,Goa,2025-06-08
553,Zarna Setty,fdey@example.org,02705681449,Tenali,Rajasthan,2025-11-18
554,Urishilla Manne,gautam75@example.net,+916958618042,Chinsurah,Gujarat,2024-06-27
555,Pooja Keer,fbawa@example.com,7039686607,Gandhidham,Jharkhand,2024-11-13
556,Advaith Palla,vsankar@example.net,01207499085,Malegaon,Uttar Pradesh,2025-03-27
557,Kavya Modi,fmenon@example.com,+919685868467,Bhatpara,Uttarakhand,2024-04-19
558,Parth Rai,jacob17@example.com,00374528518,Anantapur,Tripura,2024-07-09
559,Harinakshi Prabhakar,kalalucky@example.com,00929042260,Thrissur,Manipur,2025-08-26
560,Inaya Bera,gourteerth@example.net,1635164586,Darbhanga,Goa,2024-09-28
561,Jeevika Chacko,tnaidu@example.org,+919855088854,Shimoga,Assam,2024-09-08
562,Yutika Tella,mukherjeebakhshi@example.com,2561353206,Jamshedpur,Manipur,2025-08-05
563,Azaan Chana,vsaini@example.org,02179355064,Jodhpur,Uttarakhand,2024-11-29
564,Vasatika Mukherjee,yaminiswamy@example.net,+912169359640,Vasai-Virar,Andhra Pradesh,2026-04-28
565,Timothy Mishra,vedika50@example.net,9682517623,Katni,Arunachal Pradesh,2024-05-11
566,Victor Gill,ztaneja@example.org,05360679503,Farrukhabad,Himachal Pradesh,2026-01-19
567,Onkar Patla,vrittidube@example.org,6577168228,Ranchi,Sikkim,2025-12-04
568,Turvi Sandhu,tailorpraneel@example.com,3717981057,Pali,Mizoram,2026-01-30
569,Xavier Ganesh,aishaninagy@example.com,+918594877656,Raiganj,Tripura,2024-02-04
570,Kashvi Salvi,choudhryreyansh@example.net,+911365798329,Deoghar,Arunachal Pradesh,2025-11-25
571,Ronith Dhaliwal,adya76@example.net,1098772600,Ozhukarai,Punjab,2024-10-25
572,Vinaya Kaul,vanyaparikh@example.com,02572179930,Ozhukarai,Kerala,2025-03-03
573,Luke Golla,mekhalachauhan@example.org,+914356569963,Srikakulam,Mizoram,2025-12-01
574,Arunima Ramesh,omohan@example.org,+912845352615,Raurkela Industrial Township,Gujarat,2026-03-13
575,Aditya Mani,jshenoy@example.net,+911447066501,Guntakal,Rajasthan,2026-05-21
576,George Dada,joshimaanav@example.org,6055033391,Gandhinagar,West Bengal,2025-10-15
577,Jagdish Bhalla,zashildatta@example.org,8710570081,Anand,Assam,2026-06-16
578,Udarsh Bhattacharyya,chandashivani@example.org,+913698990977,Anantapur,Bihar,2024-02-19
579,Anusha Sachdeva,yshenoy@example.com,05756911779,Durg,Sikkim,2024-09-01
580,Anay Kaul,yohannanbhavika@example.org,9660120080,Ghaziabad,Jharkhand,2024-04-01
581,Samesh Om,parsaharinakshi@example.org,9857010426,Guntur,Kerala,2024-11-12
582,Samar Kuruvilla,mmahajan@example.org,04751271591,Nashik,Uttar Pradesh,2024-05-09
583,Utkarsh Gandhi,chameli03@example.net,06217380696,Etawah,Arunachal Pradesh,2024-01-07
584,Ronith Mohan,dpalla@example.org,6387102779,Kadapa,Mizoram,2023-12-01
585,Arya Bath,vedikadevan@example.com,05176409318,Katni,Sikkim,2024-04-28
586,Vasudha Bains,thamanjagdish@example.org,6457521635,Kolkata,Uttar Pradesh,2024-08-03
587,Pavani Rastogi,iramanathan@example.net,+910563484632,Sagar,Madhya Pradesh,2024-04-29
588,Brinda Gokhale,george66@example.org,0412336575,Jaipur,Odisha,2024-01-16
589,Nakul Krishnan,warinder80@example.net,03943289481,Jaunpur,West Bengal,2025-11-15
590,Vasudha Padmanabhan,reddychandran@example.com,+913208327441,Sambalpur,Sikkim,2026-02-02
591,Kashvi Mital,christopherjaggi@example.com,02849270748,Solapur,Jharkhand,2023-08-25
592,Upma Kuruvilla,rajatarout@example.org,03033128018,Bangalore,Punjab,2024-07-14
593,Jagrati Balay,atharvseshadri@example.net,01202021074,Morena,Chhattisgarh,2024-01-28
594,Faraj Bora,jagrati03@example.com,+918245411294,Hubli–Dharwad,Mizoram,2024-10-12
595,Rudra Hayer,sawhneychakradhar@example.org,+911798358366,Anand,Chhattisgarh,2025-01-13
596,Faqid Mahal,william30@example.org,06915953001,Lucknow,Nagaland,2025-11-13
597,Ekavir Ray,frederick48@example.org,02661504274,Alappuzha,Chhattisgarh,2026-06-27
598,Veer Bassi,singhalsamarth@example.org,04354651856,Bhiwandi,Chhattisgarh,2025-01-11
599,Anjali Boase,nagypatrick@example.org,+913903386783,Deoghar,Gujarat,2026-01-30
600,Joshua More,sastrynicholas@example.org,2730884907,Mau,Arunachal Pradesh,2025-04-26
601,Ekalinga Sagar,gayathri93@example.org,8461023228,Kolkata,Nagaland,2025-08-28
602,Wazir Dara,gollabhavani@example.com,09329884345,Baranagar,Nagaland,2025-01-05
603,Yauvani Deo,tdewan@example.com,07389438475,Khandwa,Uttar Pradesh,2024-03-25
604,Yutika Sandal,beraikshita@example.com,0630556297,Junagadh,Punjab,2025-03-29
605,Aashi Munshi,xlanka@example.org,05507745006,Katihar,Assam,2024-09-22
606,Anusha Kant,umadan@example.net,4264849548,Alappuzha,Nagaland,2025-05-30
607,Krishna Kannan,gopal26@example.com,+917828318437,Belgaum,Odisha,2024-02-07
608,Fariq Ben,hredhaanatwal@example.org,+919862209679,Chandigarh,Rajasthan,2025-04-24
609,Dominic Peri,aarushrout@example.org,5998108862,Hospet,Chhattisgarh,2024-05-29
610,Qarin Kannan,bhavsardalaja@example.org,6231768551,Uluberia,Rajasthan,2024-05-20
611,Baghyawati Peri,yauvani42@example.net,+913835834540,Bongaigaon,Nagaland,2024-07-09
612,Alka Lad,yadaviparsa@example.net,02418880829,Erode,Jharkhand,2025-07-10
613,Wishi Dugar,xkrish@example.com,+912898077233,Tezpur,Karnataka,2025-06-25
614,Raghav Shetty,kamala28@example.net,9946940557,Buxar,Maharashtra,2025-06-09
615,Daksha Bawa,yadavi23@example.net,+918372359186,Malda,Assam,2025-01-04
616,Karan Dada,vermahemal@example.net,6187782223,Bhubaneswar,Telangana,2024-04-25
617,Onkar Arya,achatterjee@example.net,06932576026,Vasai-Virar,Tripura,2025-04-13
618,Hema Khalsa,abhimanyuprabhakar@example.org,09956212356,Ambala,Mizoram,2025-09-10
619,Sanaya Rastogi,panchaleta@example.org,+914138953296,Tadipatri,West Bengal,2023-11-30
620,Vidhi Oommen,ikshita26@example.net,+911155124174,Bikaner,Sikkim,2025-02-15
621,Pushti Sidhu,ekavir73@example.org,05582615581,Machilipatnam,Punjab,2024-01-19
622,Anusha Nadig,bishakhanarain@example.org,+918130329856,Phagwara,Andhra Pradesh,2025-12-29
623,Wahab Bala,choprahiral@example.net,05805021256,Tezpur,Tamil Nadu,2025-10-24
624,Pahal Chada,thakkarvanya@example.org,8456682650,Srinagar,Tripura,2026-03-07
625,Lopa Karnik,jainnaksh@example.com,00875703080,Guntakal,Meghalaya,2024-10-22
626,Wahab Sem,dakshkuruvilla@example.net,05341753627,Agartala,Karnataka,2024-07-24
627,Tanveer Dash,ektabath@example.net,1360969773,Bhubaneswar,Manipur,2024-04-03
628,Reva Shanker,michaelkala@example.org,01960456191,Thrissur,Assam,2024-04-06
629,Ekavir Bhatt,ldeol@example.org,05832041178,Chapra,Odisha,2025-04-14
630,Aryan Salvi,chatura32@example.org,00681312271,Chinsurah,Andhra Pradesh,2026-04-12
631,Samar Mahajan,nchahal@example.net,9649988826,Kanpur,Tamil Nadu,2025-08-12
632,Dayamai Saraf,wkar@example.org,+911500898127,Thanjavur,Sikkim,2025-02-08
633,Ekanta Tank,aishanihora@example.com,+917904626903,Khora ,Haryana,2026-02-11
634,Vedika Bains,bnagar@example.net,9193664941,Khandwa,Chhattisgarh,2025-07-20
635,Urmi Nanda,tiwariabdul@example.net,+910069868901,Bidar,Odisha,2023-10-22
636,Parth Sibal,bvohra@example.com,00882135490,Aurangabad,Mizoram,2025-04-27
637,Peter Loyal,kadejanaki@example.com,+918372176682,Mehsana,Haryana,2025-11-03
638,Madhavi Narang,bhargavafalan@example.net,+912405695330,Delhi,Haryana,2025-09-03
639,Wazir Khatri,vedazacharia@example.com,9015011451,Jalgaon,Mizoram,2024-03-12
640,Kai Sibal,ishanvisant@example.com,03983831422,Adoni,West Bengal,2023-09-30
641,Ekiya Anne,zayan67@example.org,08242424143,Kolhapur,Tamil Nadu,2024-05-20
642,Jairaj Hari,fbora@example.net,+918186274381,Tumkur,Assam,2025-11-11
643,Onveer Hari,timothyrana@example.net,+914477307567,Junagadh,Uttar Pradesh,2026-05-15
644,Bimala Sachdev,dayita75@example.net,+917754183360,Visakhapatnam,Nagaland,2024-01-02
645,Patrick Tandon,charvi03@example.net,0508981278,Mathura,Nagaland,2023-12-16
646,Henry Sharaf,balaybalvan@example.net,04073929077,Gopalpur,Andhra Pradesh,2025-07-06
647,Ekaja Dhillon,nsetty@example.com,+919805517748,Shivpuri,Bihar,2024-09-09
648,Gautam Wable,sundaramadya@example.org,+913174867387,Pimpri-Chinchwad,Assam,2024-07-12
649,Aishani Radhakrishnan,harini20@example.org,3016052082,Gurgaon,West Bengal,2025-11-06
650,Pranav Pingle,maharajvanya@example.com,04212112346,Hyderabad,Tripura,2025-10-02
651,Ranbir Vaidya,samaaarnav@example.org,04619961298,Howrah,Bihar,2025-05-08
652,Liam Chowdhury,deepsamuel@example.org,06920097007,Chittoor,Odisha,2023-11-13
653,Isaiah Bahl,harinakshi15@example.net,1064433830,Kota,Nagaland,2026-07-04
654,Vanya Bath,brinda17@example.org,4191843506,Ambattur,Assam,2026-03-24
655,Simon Balan,zansi78@example.com,0158833626,Hindupur,Madhya Pradesh,2023-09-15
656,Qadim Chadha,lilabhagat@example.net,09819123333,Ambala,Gujarat,2023-08-30
657,Anya Prakash,icontractor@example.org,07581894567,Hapur,Assam,2025-02-28
658,Max Chakraborty,deshpandedev@example.net,00790014569,Junagadh,West Bengal,2025-07-13
659,Raghav Chakraborty,hiyengar@example.com,+914660553123,Ujjain,West Bengal,2025-09-18
660,Daniel Khurana,indali89@example.net,06751728714,Kamarhati,Meghalaya,2025-03-02
661,Zaid Prabhakar,eesha62@example.net,+918927880230,Morbi,Meghalaya,2025-11-20
662,Baljiwan Mitra,oacharya@example.net,00374844406,Raichur,Himachal Pradesh,2024-04-03
663,Anvi Butala,anusha43@example.net,+919465262898,Amaravati,Kerala,2025-06-11
664,Fitan Lalla,amruta94@example.com,06846137747,Belgaum,Odisha,2026-02-03
665,Neel Parmar,theodore52@example.org,8206890509,Serampore,Rajasthan,2024-06-14
666,Rachit Thaker,hdhingra@example.com,+917735947100,Darbhanga,Odisha,2025-09-12
667,Harini Rajagopal,osekhon@example.org,5757799350,Udaipur,Haryana,2026-04-03
668,Kashish Narain,laksh18@example.net,4805247591,Thanjavur,Arunachal Pradesh,2026-03-23
669,Maya Babu,nihalraj@example.net,+913439293080,Kavali,Jharkhand,2025-09-19
670,Tanveer Kulkarni,apteom@example.org,07041991084,Sirsa,Andhra Pradesh,2024-07-30
671,Om Vora,zsarna@example.com,03640405834,Bulandshahr,Telangana,2026-01-30
672,Suhani Seshadri,inaya57@example.net,4681729292,Vijayawada,Kerala,2024-09-14
673,Praneel Sawhney,abdulsrinivas@example.org,06544721254,Kolhapur,Odisha,2024-09-29
674,Pranav Bir,ekajanayar@example.com,+916779771694,Sagar,Punjab,2026-05-19
675,Quincy Vaidya,qshroff@example.com,07177214817,Bhatpara,Andhra Pradesh,2024-03-08
676,Urishilla Pillay,ddesai@example.net,04110703178,Muzaffarnagar,Bihar,2025-11-15
677,Raagini Das,tmangat@example.net,+914523841525,Bhopal,Bihar,2024-08-25
678,Tara Rajagopal,nicholasborra@example.org,+919135598055,Jalgaon,Chhattisgarh,2024-08-14
679,Arjun Palla,sathvik76@example.org,2522107509,Kavali,Haryana,2025-01-07
680,Dayita Wali,banjeet16@example.com,07497475416,Dehradun,Andhra Pradesh,2025-01-03
681,Guneet Murthy,faraspandya@example.net,+918508418330,Secunderabad,Odisha,2025-12-07
682,Yug Sawhney,borajalsa@example.net,6999995760,Thrissur,West Bengal,2026-03-22
683,Hemani Bhalla,chasmum69@example.net,9064488149,Gulbarga,Gujarat,2025-05-01
684,Tanvi Mani,lakshit20@example.com,8996184462,Haridwar,Tamil Nadu,2025-01-21
685,Joshua Madan,farhan07@example.net,+914742251069,Bettiah,Madhya Pradesh,2025-08-02
686,Radhika Loke,yochana55@example.net,04171052764,Jammu,Bihar,2024-06-29
687,Rajata Mallick,qabil28@example.org,02429042579,Morbi,Tamil Nadu,2026-04-10
688,Laksh Kari,bhandaridavid@example.com,07195001061,Muzaffarpur,Mizoram,2024-08-16
689,Gauri Ghosh,hsani@example.net,06245452918,Morbi,Uttarakhand,2025-02-05
690,Urishilla Nori,hiral69@example.org,0179734140,Ambattur,Himachal Pradesh,2025-01-30
691,Sai Saxena,yatinmann@example.org,0621053424,Moradabad,Chhattisgarh,2026-06-13
692,Farhan Doshi,umemon@example.org,05586312616,Vijayanagaram,Goa,2025-08-06
693,Faras Banerjee,sainarasimhan@example.com,1143592623,Jalna,Manipur,2024-12-25
694,Ridhi Mukherjee,leela24@example.org,0771054068,Imphal,Gujarat,2025-03-02
695,Rishi Dewan,omishajohal@example.net,+914414655169,Bijapur,Karnataka,2023-10-21
696,Krishna Tailor,tanveer73@example.net,8556424794,Rohtak,Tamil Nadu,2023-10-29
697,Maanav Sood,pahal78@example.org,+910212978393,Davanagere,Andhra Pradesh,2026-03-14
698,Utkarsh More,nsanghvi@example.org,+910256662289,Rampur,Tripura,2024-04-15
699,Dalbir Taneja,gargvyanjana@example.net,7996208142,Guwahati,Sikkim,2025-12-08
700,Om Buch,mitragautami@example.com,+919935875528,Sirsa,Haryana,2024-09-03
701,Widisha Puri,ravalsuhani@example.org,2805233043,Dehri,Gujarat,2025-06-16
702,Isaiah Dhillon,parmerbrinda@example.org,09766979619,Nangloi Jat,West Bengal,2024-05-17
703,Saumya Dash,vedant76@example.net,+915157592605,Tadepalligudem,Telangana,2024-03-24
704,Qasim Kara,krishavenkataraman@example.org,+917903819672,Ambala,Uttar Pradesh,2024-11-15
705,Isaiah Parikh,edhitha68@example.org,04003292666,Cuttack,Tamil Nadu,2024-06-04
706,Yochana Tailor,nimratvora@example.net,7818204041,Parbhani,West Bengal,2024-11-22
707,Adweta Parmer,ranganathanwarjas@example.org,9532317273,Thane,Assam,2025-04-25
708,Alexander Dixit,horapranav@example.com,2127265998,Tiruvottiyur,Haryana,2025-05-15
709,Girik Modi,dhingrafiyaz@example.com,0033573826,Ajmer,Haryana,2025-04-30
710,Janaki Gandhi,xganesh@example.org,9528718330,Aligarh,Andhra Pradesh,2023-07-22
711,Pranav Garde,urvashiparekh@example.net,+917376045550,Vijayanagaram,Punjab,2026-06-07
712,Anmol Krishna,pantishani@example.com,4689532233,Kanpur,Haryana,2026-03-10
713,Chakrika Dhar,oakanya@example.com,6629443647,Warangal,Manipur,2026-01-08
714,Balveer Kurian,ppatla@example.org,8196260310,Karaikudi,Assam,2024-07-19
715,Owen Jha,devkonda@example.org,+912103087760,Sri Ganganagar,Sikkim,2025-01-31
716,Triya Bhargava,iyerladli@example.net,+912824043435,Rourkela,Chhattisgarh,2025-09-19
717,Sanaya Bose,fben@example.com,+918628868697,Miryalaguda,Maharashtra,2023-08-05
718,Anjali Edwin,lagate@example.org,05111717146,Bhimavaram,Punjab,2025-03-30
719,Bhavya Koshy,wpant@example.net,9579244933,Nandyal,Andhra Pradesh,2026-05-21
720,Mitesh Shah,msamra@example.org,+916384749571,Aurangabad,Kerala,2024-09-14
721,Arin Dube,kamala61@example.net,+918756578156,Udupi,West Bengal,2026-05-20
722,Samarth Sethi,kavyabalakrishnan@example.org,+915114390251,Orai,Sikkim,2024-12-10
723,Bakhshi Tailor,dasguptacharita@example.com,01045036202,Malda,Punjab,2025-05-19
724,Gunbir Hegde,gayathri31@example.org,+917750428423,Satara,Bihar,2026-04-27
725,Ubika Sachar,zayyanmukhopadhyay@example.net,+912876521540,Nagaon,Odisha,2025-03-13
726,Bhavani Bhatt,cheemaeiravati@example.com,01725032969,Karawal Nagar,Assam,2024-05-24
727,Ekani Garg,george07@example.net,+919786370117,Bokaro,Manipur,2025-03-22
728,Farhan Prasad,fkaur@example.net,+914138215623,Ozhukarai,Nagaland,2026-03-05
729,Vanya Ray,thakerjanya@example.org,0350608791,Mehsana,Karnataka,2024-06-24
730,Xalak Patil,madhav88@example.net,+911290843277,Dhule,Kerala,2023-09-03
731,Vyanjana Shukla,suhani58@example.org,0583248171,Ambala,Himachal Pradesh,2026-03-12
732,Harshil Bhattacharyya,twason@example.com,5772413404,Jabalpur,Sikkim,2025-02-09
733,Dayita Amble,bhavika65@example.org,07366539189,Hospet,Goa,2024-05-12
734,Advaith Mitter,yashodakadakia@example.org,+912951560834,Tezpur,Assam,2024-03-21
735,Michael Datta,gkara@example.org,5994783254,Davanagere,Karnataka,2025-11-22
736,Isaac Bobal,ytalwar@example.org,2119036561,Hyderabad,Tamil Nadu,2025-12-20
737,Fariq Gaba,uissac@example.com,5393728737,Tirupati,Punjab,2025-07-11
738,Tanish Murthy,gaurav33@example.org,0083998475,Chittoor,Karnataka,2026-05-03
739,Matthew Cheema,brahmbhattanirudh@example.org,08978095961,Chandrapur,Manipur,2024-04-18
740,Janya Manne,oeshi28@example.com,5587384551,Kakinada,Punjab,2025-11-18
741,Nisha Grewal,gautamibera@example.net,09273390407,Haridwar,Uttarakhand,2025-05-03
742,Jeremiah Chaudhry,csampath@example.org,2989075356,Ratlam,Bihar,2026-04-18
743,Chaitaly Nori,lukechawla@example.net,+917773623062,Bareilly,Sikkim,2025-04-16
744,Vasudha Dube,padmanabhansai@example.com,3223847023,Ludhiana,Maharashtra,2024-03-09
745,Faras Shetty,bpalla@example.com,3538621562,Thanjavur,Odisha,2025-03-14
746,Lucky Venkataraman,pmaster@example.net,7558763737,Mehsana,Kerala,2024-06-29
747,Ganga Sankar,mitrafalan@example.net,03055881400,Rajkot,Nagaland,2024-09-05
748,Guneet Sachdev,aarushtoor@example.com,+915114084892,Dewas,Meghalaya,2026-06-08
749,Kevin Swamy,dashsneha@example.net,+918997111584,Rampur,Maharashtra,2024-11-18
750,Tripti Sunder,saharadha@example.net,2766625025,Udaipur,Tripura,2025-11-15
751,Falak Lall,pkumer@example.com,00429276543,Kollam,Odisha,2025-10-23
752,Jacob Peri,mukhopadhyayupma@example.org,02066592456,Delhi,Assam,2024-07-02
753,Yashasvi Grover,deepishita@example.net,+917338489006,Bhagalpur,Nagaland,2026-07-11
754,Omaja Chopra,haritapandit@example.org,04292669477,Amroha,Jharkhand,2026-06-19
755,Amruta Pillai,gokhalehemangini@example.net,05233498578,Lucknow,Goa,2026-06-17
756,Umang Sha,walikavya@example.net,+916006991574,Durgapur,Madhya Pradesh,2025-02-21
757,Aarini Kalla,eacharya@example.org,04584060519,Jaipur,Tamil Nadu,2023-08-27
758,Dhruv Dayal,neelramanathan@example.net,09627959753,Berhampore,Tripura,2024-10-09
759,Sudiksha Padmanabhan,chandreshjohal@example.com,8887905863,Munger,Karnataka,2023-12-08
760,Chaitaly Doshi,magaranirudh@example.org,+916890382908,Nagpur,Punjab,2024-09-25
761,Dhruv Jani,veda01@example.net,03546125254,Morena,Chhattisgarh,2024-07-12
762,Azaan Khanna,idikamangal@example.org,0560173574,Kamarhati,Punjab,2026-03-05
763,Naveen Vora,ydash@example.com,07386271912,Durg,Assam,2023-12-05
764,Eta Sarma,masonkothari@example.net,+912424709699,Ahmednagar,Goa,2024-05-06
765,Pooja Menon,anikaswamy@example.net,+919885488105,Amaravati,Meghalaya,2026-02-05
766,Saksham Balay,mkulkarni@example.com,+915340651611,Sambhal,Tripura,2024-05-08
767,Christopher Bassi,raghav11@example.com,4764551932,Imphal,Goa,2023-10-03
768,Girindra Hora,thakerjagvi@example.org,+912610272684,Chittoor,Tamil Nadu,2025-02-23
769,Meera Tara,parthvaidya@example.com,+917593741134,Indore,Chhattisgarh,2023-12-18
770,Triveni Baria,swaminathanfalak@example.org,1500334868,Navi Mumbai,Himachal Pradesh,2023-12-31
771,Ubika Rana,sanghvifalak@example.org,9271248647,Parbhani,Chhattisgarh,2024-03-31
772,Aarini Bhagat,urandhawa@example.net,01880150933,Bokaro,Tamil Nadu,2026-06-09
773,Bahadurjit Subramaniam,agastya72@example.org,06876760531,Maheshtala,Telangana,2024-02-26
774,Mekhala Suresh,eshana57@example.net,+911556891103,Durg,Maharashtra,2026-06-23
775,Omaja Pillay,bailjatin@example.org,0183786000,Fatehpur,Uttarakhand,2026-03-19
776,Hemang Issac,prashadarya@example.com,05783405637,Gurgaon,Bihar,2026-02-20
777,Zashil Sem,nkurian@example.net,03715188205,Ajmer,Madhya Pradesh,2025-04-06
778,Mitesh Maharaj,wmohanty@example.com,9358739733,New Delhi,Karnataka,2023-07-27
779,Arjun Dhaliwal,manegaurav@example.org,+916630275231,Moradabad,Tamil Nadu,2023-10-27
780,Priya Rai,gademegha@example.org,03715507897,Delhi,Assam,2026-05-20
781,Dakshesh Sur,horaturvi@example.com,8791872055,Bongaigaon,Maharashtra,2024-10-27
782,Aashi Oza,fbumb@example.org,+912296581037,Delhi,Jharkhand,2023-07-31
783,Ekbal Mane,ftalwar@example.com,7493518587,Karimnagar,Bihar,2024-01-27
784,Yadavi Bhatnagar,kiaan31@example.com,+914089343288,Amravati,Chhattisgarh,2023-11-25
785,Qarin Bir,qchand@example.com,+912504834072,Bhusawal,Manipur,2026-06-19
786,Jairaj Dugal,zilmil72@example.org,9592230136,Suryapet,Nagaland,2025-12-30
787,Ikshita Chhabra,iramanathan@example.com,7123199222,Thiruvananthapuram,Chhattisgarh,2024-08-12
788,Brinda Taneja,aarinisavant@example.net,+911145063388,Vijayawada,Madhya Pradesh,2026-04-15
789,Wazir Edwin,jhalak60@example.org,+912682986464,Jalna,Odisha,2025-12-18
790,Jonathan Chaudhuri,christopherpingle@example.org,+912219857361,Bhilwara,Madhya Pradesh,2026-01-27
791,Aarush Edwin,jagdish43@example.net,02636762827,Tadepalligudem,Meghalaya,2024-09-04
792,Chaaya Mane,charita85@example.com,9037975276,Jodhpur,Chhattisgarh,2023-11-23
793,Urvashi Dube,rajataramesh@example.org,+919019495578,Bidar,Odisha,2023-08-18
794,Upma Agarwal,luke90@example.com,+916031281007,Rewa,Andhra Pradesh,2024-06-07
795,Ekansh Talwar,hritik43@example.net,+911625230867,Medininagar,West Bengal,2024-05-21
796,Chameli Sankaran,chaudhurishravya@example.com,6072319500,Aligarh,Jharkhand,2023-10-20
797,Dalaja Char,chatura75@example.org,9003438391,Siwan,Goa,2026-07-10
798,Megha Rama,jack46@example.org,09420331142,Noida,Arunachal Pradesh,2023-10-30
799,Siya Mane,vasaekaraj@example.com,05934342400,Bahraich,Nagaland,2023-09-21
800,Chatresh Thakur,sharmakamya@example.org,5646922530,Motihari,Tamil Nadu,2025-02-20
801,Nakul Bhargava,lilaparsa@example.net,04959606848,Shahjahanpur,Tripura,2023-07-17
802,Gagan Bobal,qsrinivas@example.com,+916333334491,Indore,Gujarat,2025-06-26
803,Yagnesh Vohra,deepadubey@example.net,01276297933,Tadipatri,Maharashtra,2024-02-26
804,Shivani Pillai,sudikshadhaliwal@example.org,4831353785,Pali,Madhya Pradesh,2026-06-29
805,Ronith Zacharia,rishibuch@example.com,01244088730,Gwalior,Goa,2025-02-16
806,Tanvi Ramesh,cbalakrishnan@example.org,+917201393665,Gulbarga,Meghalaya,2025-02-23
807,Timothy Goda,vansha91@example.org,0818314061,Kadapa,Haryana,2026-06-06
808,Manthan Mukherjee,ddeo@example.com,2424233620,Gwalior,Tamil Nadu,2024-07-21
809,Aarush Maharaj,ngopal@example.org,6892596676,Nizamabad,Uttarakhand,2025-01-26
810,Anamika Malhotra,yashodhararamaswamy@example.org,+919408563062,Dehri,Jharkhand,2023-11-01
811,Gopal Goyal,oscarmore@example.com,3159695644,Cuttack,Goa,2025-12-07
812,Neha Bava,pratyush81@example.org,04011943617,Ludhiana,Kerala,2025-08-03
813,Christopher Shanker,anirudh02@example.net,0642614154,Hosur,Jharkhand,2026-01-31
814,Vansha Sharma,niharika32@example.net,00176074566,Aizawl,Nagaland,2025-10-22
815,Riya Ratta,ctella@example.net,+911473982303,Rajpur Sonarpur,Uttar Pradesh,2026-03-16
816,Sachi Parekh,lpathak@example.net,4577650829,Amritsar,Uttar Pradesh,2025-06-12
817,Chandresh Iyer,sathvikuppal@example.org,+912255191934,Kakinada,Uttar Pradesh,2024-10-23
818,Gabriel Chad,kritika32@example.net,07743225660,Jehanabad,Rajasthan,2024-05-16
819,Qabil Bawa,azad21@example.net,+918181502166,Aurangabad,West Bengal,2024-04-17
820,Yug Peri,eiravatipillai@example.com,6396616020,Amravati,Assam,2026-04-21
821,Lekha Sachdev,kalpitbali@example.org,+916530549191,Bettiah,Sikkim,2026-05-15
822,Nidhi Malhotra,ranaijaya@example.org,0000937433,Tirunelveli,Jharkhand,2025-12-27
823,Jagdish Bali,priyavarma@example.com,7546264583,Rourkela,Jharkhand,2025-09-04
824,Darpan Dutta,tiyer@example.com,+913009970659,Berhampur,Uttar Pradesh,2026-04-28
825,Darika Dhawan,cmallick@example.org,9384785483,Coimbatore,Jharkhand,2024-10-14
826,Nandini Natarajan,cbhatnagar@example.org,5006689861,Hapur,Mizoram,2024-03-18
827,Jason Deep,qvasa@example.com,01996768201,Loni,Punjab,2025-08-07
828,Elijah Shanker,sandhufaras@example.org,+918744716091,Haridwar,Goa,2024-12-18
829,Frederick Wagle,nidravyas@example.org,6421721159,Sangli-Miraj & Kupwad,Rajasthan,2026-02-12
830,Karan Dugar,ogera@example.org,0434688180,Bangalore,Telangana,2024-08-09
831,Xiti Rege,horawyatt@example.net,06161988793,Kurnool,Tamil Nadu,2024-08-11
832,Reva Karan,prabhakarbhavini@example.com,6315784436,Rajahmundry,Arunachal Pradesh,2025-07-22
833,Dominic Mammen,mreddy@example.com,08107104438,Bally,Jharkhand,2024-07-16
834,Neel Deshmukh,frederick32@example.com,07085128141,Burhanpur,Punjab,2024-11-09
835,Kai Wali,abeer40@example.org,+912131394681,Saharsa,Odisha,2024-04-23
836,Chatresh Virk,palanpooja@example.net,+912404299669,Dehradun,Nagaland,2023-10-13
837,Yashawini Nagy,bachittarmuni@example.net,03982884757,Tumkur,Arunachal Pradesh,2023-10-06
838,Aashi Dar,wazirluthra@example.net,0331735757,Amravati,West Bengal,2025-08-11
839,Harita Sarna,tellaaditya@example.com,04488333243,Alappuzha,West Bengal,2026-02-19
840,Chakradev Minhas,deydev@example.org,+911685505522,Bhind,Punjab,2024-12-17
841,Nilima Mutti,ahluwaliaabha@example.org,+912814782065,Medininagar,Nagaland,2025-08-10
842,Charvi Prabhakar,charitachaudhry@example.com,+911535426374,Sirsa,Mizoram,2024-09-19
843,Gunbir Gill,aahanabrar@example.org,01222846460,Aizawl,Uttar Pradesh,2024-03-29
844,Vamakshi Verma,geraomkaar@example.net,05294750272,Mysore,Andhra Pradesh,2025-07-13
845,Qushi Tandon,hayerdeepa@example.org,+919758396189,Arrah,Madhya Pradesh,2024-02-24
846,Farhan Soni,upadhritidube@example.com,1096436198,Kolhapur,Manipur,2024-06-20
847,Anmol Prasad,meghana63@example.net,+914616581456,Eluru,Haryana,2024-09-20
848,Aarini Tak,dakshasundaram@example.com,7759305076,Chandrapur,Punjab,2024-09-21
849,Sachi Pant,chandashivansh@example.org,+917912236391,Pimpri-Chinchwad,Tripura,2024-07-20
850,Radhika Master,aachalsingh@example.org,+917311029124,Dibrugarh,Uttar Pradesh,2024-12-29
851,Ladli Vig,watikakaul@example.net,02596478792,Vijayawada,Sikkim,2024-04-19
852,Meghana Raval,asamra@example.com,4016042892,Rampur,Karnataka,2024-07-06
853,Varenya Roy,netra16@example.net,7009949240,Panipat,Himachal Pradesh,2026-06-17
854,Veda Pathak,charlesnori@example.com,8249506102,Patiala,Arunachal Pradesh,2023-09-30
855,Qasim Mody,maxmand@example.com,0410505714,Suryapet,Himachal Pradesh,2026-03-22
856,Zaitra Natt,darpankunda@example.org,6596003378,Raebareli,Madhya Pradesh,2025-05-24
857,Omya Bhakta,brahmbhatttriya@example.com,04839695301,Bhubaneswar,Maharashtra,2024-08-05
858,Janya Uppal,brindamohanty@example.net,08627737826,Aligarh,Madhya Pradesh,2023-07-16
859,Hiral Varkey,jananipau@example.com,+919362128883,Pune,Arunachal Pradesh,2026-05-30
860,Andrew Dalal,yasti51@example.org,3887210906,Dharmavaram,Uttarakhand,2025-12-28
861,Champak Dhaliwal,agatesiya@example.net,+916237768555,Kolkata,Meghalaya,2024-12-16
862,Damini Choudhury,memonarin@example.com,05704532220,Gopalpur,Nagaland,2024-05-25
863,Fiyaz Narayan,dhritiraman@example.com,04049559510,Loni,Himachal Pradesh,2026-07-09
864,Hamsini Wable,dinsuhani@example.com,+912162914000,Hospet,Kerala,2023-10-30
865,Pratyush Reddy,pushti83@example.org,+916833128416,Vellore,Haryana,2026-01-20
866,Madhavi Barad,trivedisanaya@example.org,+918137741993,Mahbubnagar,Odisha,2023-09-06
867,Raagini Chahal,nisha54@example.com,08478085695,Agartala,Jharkhand,2025-01-27
868,Daniel Kalita,chakrika24@example.com,00909766000,Katihar,Jharkhand,2023-09-05
869,Shaurya Chauhan,chandtriveni@example.net,4768756941,Sonipat,Manipur,2024-04-23
870,Shivansh Sharaf,sundaramvamakshi@example.net,+916776587358,Rajkot,Arunachal Pradesh,2025-06-03
871,Yutika Sodhi,kamdareta@example.com,+917889431346,Erode,Maharashtra,2024-11-28
872,Karan Kumar,victorsaraf@example.net,+916850320938,Thane,Telangana,2026-02-03
873,Yahvi Sharma,triya51@example.net,+911697139351,Gorakhpur,Sikkim,2025-08-30
874,Advik Garde,qdash@example.net,+911694604412,Gwalior,Rajasthan,2024-02-09
875,Ayushman Savant,vansha30@example.com,03546520404,Bhubaneswar,Tripura,2026-01-19
876,Falguni Mishra,laljeevika@example.net,09248697120,Kishanganj,Gujarat,2025-11-13
877,Falguni Koshy,shivaniraj@example.org,+914999369397,Dhule,Haryana,2025-11-23
878,Tanveer Chaudhari,mugdhakurian@example.org,+917930651916,Nagpur,Andhra Pradesh,2026-06-30
879,Joshua Mutti,yashawini38@example.org,06130867126,Davanagere,Tamil Nadu,2025-08-04
880,Raagini Banerjee,shivani82@example.net,7415111066,Navi Mumbai,Mizoram,2024-09-20
881,Yatin Wason,shivanshkapoor@example.com,+914242195992,Karawal Nagar,Rajasthan,2025-11-29
882,Ekiya Narasimhan,murthyzarna@example.net,05631594718,Hajipur,Karnataka,2023-09-13
883,Leela Misra,akshay91@example.net,07022699456,Karawal Nagar,Rajasthan,2023-08-30
884,Yutika Kumer,vdin@example.com,04869791098,Rajkot,Madhya Pradesh,2023-11-15
885,Ekaraj Koshy,gkala@example.com,4637801580,Medininagar,Sikkim,2025-12-25
886,Waida Pandit,tanay33@example.com,+916037850261,Bokaro,Madhya Pradesh,2024-11-07
887,Urishilla Issac,hkunda@example.com,+913001904086,Bhilwara,Assam,2025-08-16
888,Gagan Brar,george26@example.com,1914693781,Morena,West Bengal,2024-11-14
889,Darpan Kari,andrew01@example.com,0882988034,Dehradun,Assam,2025-10-28
890,Jason Wable,pushtiramaswamy@example.org,5268852288,Guntakal,Karnataka,2025-04-08
891,Manbir Shukla,nayaradvik@example.net,+917667798367,Bally,Uttarakhand,2026-02-24
892,Zarna Sehgal,olall@example.com,2012692811,Agartala,Uttarakhand,2025-01-03
893,Aayush Datta,tristansem@example.org,2327157117,Guntur,Telangana,2025-12-27
894,Anjali Shanker,yahvikalita@example.com,9322286584,Pimpri-Chinchwad,Punjab,2025-03-04
895,Balhaar Konda,qagate@example.net,+914254116510,Muzaffarpur,Manipur,2024-03-28
896,Ijaya Hari,priyadar@example.net,+915057628779,Delhi,Tamil Nadu,2025-05-31
897,Garima Balakrishnan,isibal@example.com,+914281097316,Bhagalpur,Manipur,2025-10-04
898,Geetika Zachariah,arin24@example.com,+911649547801,Meerut,Goa,2023-12-25
899,Qarin Pingle,tkala@example.net,08377185591,Yamunanagar,Meghalaya,2025-02-25
900,Theodore Bali,omya63@example.org,09973788341,South Dumdum,Rajasthan,2026-07-11
901,Chakradev Patel,tmishra@example.com,5390277808,Shimoga,Uttar Pradesh,2025-10-18
902,Priya Sami,agastyavig@example.com,00684554597,Hajipur,West Bengal,2025-04-16
903,Jasmit Balasubramanian,shereazaan@example.com,08855911208,Alappuzha,Arunachal Pradesh,2025-01-08
904,Vasana Arora,hemal23@example.org,06720533155,Udaipur,Meghalaya,2023-08-11
905,Rachita Gara,yachana41@example.com,09373634457,Hubli–Dharwad,Sikkim,2024-02-27
906,Rishi Bandi,hredhaansami@example.com,+913674564055,Gulbarga,Arunachal Pradesh,2025-03-16
907,Darsh Mohanty,basakrehaan@example.com,09376541811,Coimbatore,Uttar Pradesh,2024-03-14
908,William Ahluwalia,deepasubramanian@example.com,02930911300,Bhilai,Arunachal Pradesh,2025-02-06
909,Dominic Bath,bsood@example.net,0684824929,Berhampore,Maharashtra,2024-03-11
910,Rushil Banik,krishnanekalinga@example.net,07118409583,Bathinda,Chhattisgarh,2024-10-08
911,Kavya Chana,warjasarora@example.net,3690950048,Sasaram,Tamil Nadu,2026-06-17
912,Chandresh Tata,faris82@example.com,00558608447,Vasai-Virar,West Bengal,2025-04-16
913,Amaira Kothari,ganesanmegha@example.com,8504682854,Srinagar,Uttarakhand,2023-12-27
914,Faris Sahni,manijhalak@example.org,04305628078,Mira-Bhayandar,Sikkim,2025-07-29
915,Udarsh Thaker,padmanabhanansh@example.net,2243733172,Mysore,Himachal Pradesh,2024-02-04
916,Yutika Sabharwal,balanvamakshi@example.net,00548904120,Phagwara,Kerala,2024-06-07
917,Lucky Gour,vrindagera@example.net,09506180105,Pallavaram,Bihar,2025-02-01
918,Aachal Palan,gavintrivedi@example.org,+918694763227,Jammu,Bihar,2024-11-09
919,Upasna Cheema,lopa26@example.net,+919972940603,Bihar Sharif,Bihar,2024-08-10
920,Vincent Swaminathan,akari@example.net,+914749606809,Thane,Andhra Pradesh,2023-09-14
921,Vansha Kumar,rachitmody@example.net,04315977556,Vasai-Virar,Tripura,2024-11-05
922,Chatresh Banik,reddykiaan@example.net,5358351713,Bellary,Odisha,2025-10-22
923,Ekani Vohra,bimalacherian@example.org,+916933489018,Hospet,Kerala,2025-08-23
924,Amaira Sahota,jacobedwin@example.com,2156736794,Hindupur,Rajasthan,2024-04-17
925,Hitesh Pradhan,wchad@example.org,4797410581,Tirupati,Tamil Nadu,2025-06-16
926,Arya Mane,gopalmital@example.com,2130648560,Fatehpur,Meghalaya,2025-02-13
927,Jatin Bava,bdoctor@example.net,09644620410,Berhampore,Sikkim,2024-01-11
928,Pranav Grover,girindra65@example.com,3159604915,Mysore,Manipur,2025-06-16
929,Aryan Char,ikumar@example.org,+916381656599,Karawal Nagar,West Bengal,2024-07-03
930,Brinda Kibe,sameshrana@example.net,05687598424,Guntakal,Bihar,2025-10-15
931,Pranit Ramesh,harita72@example.net,6601332430,Thane,Jharkhand,2026-02-06
932,Atharv Handa,tdoshi@example.com,+915489390995,Rajkot,Odisha,2025-05-06
933,Sanya Murty,grovertanvi@example.org,+911280220374,Raebareli,Nagaland,2025-03-06
934,Balhaar Kunda,chaudrynakul@example.net,6199985734,Shahjahanpur,Tamil Nadu,2026-01-16
935,Alka Balan,tellajanuja@example.com,08732420617,Bhagalpur,Nagaland,2023-09-03
936,Eshana Ben,karanbahadurjit@example.com,03005495545,Nagercoil,Maharashtra,2024-12-18
937,Pratyush Prasad,chadhadarpan@example.com,7718529015,Tiruppur,Arunachal Pradesh,2026-01-08
938,Fariq Dass,vnanda@example.net,+918352739437,Gaya,Meghalaya,2023-09-18
939,Orinder Venkatesh,edugar@example.com,+912601020918,Aligarh,Meghalaya,2023-12-01
940,Gavin Sood,esuresh@example.com,+916081667362,Howrah,Himachal Pradesh,2026-02-14
941,Nathan Kadakia,hkibe@example.com,08281903964,Nagpur,Goa,2026-04-18
942,Leena Mand,ethan50@example.com,8144712721,Kishanganj,Manipur,2025-01-12
943,Yashasvi Kata,etailor@example.com,+913448695598,Bhalswa Jahangir Pur,Haryana,2024-04-08
944,Teerth Dey,mandarin@example.com,00341663111,Eluru,Bihar,2025-09-24
945,Yug Bhandari,yuvraj42@example.net,08931852728,Kurnool,Rajasthan,2025-03-21
946,Keya Thakur,chavvimani@example.net,05080995738,Asansol,Haryana,2024-12-31
947,Azaan Mammen,rishisidhu@example.com,03383188597,Jaunpur,Mizoram,2025-09-14
948,Rayaan Bassi,max76@example.net,04774541684,Kottayam,Nagaland,2023-12-13
949,Pahal Pau,urvashi83@example.net,0736787388,Sambalpur,Himachal Pradesh,2025-04-09
950,Lakshit Pandya,dalajakala@example.com,+914999685589,Dhanbad,Arunachal Pradesh,2026-05-28
951,Harinakshi Narayan,tamanna68@example.net,+913494670921,Tinsukia,Jharkhand,2024-01-15
952,Dev Walia,watika58@example.org,09413617210,Motihari,Bihar,2025-02-18
953,Sai Tara,dayita25@example.net,01625377161,Dharmavaram,Rajasthan,2024-03-14
954,Prisha Randhawa,pallvedant@example.net,00201662326,Srikakulam,Tripura,2024-02-01
955,Omya Nayar,pshah@example.com,6627395563,Aurangabad,Kerala,2023-11-19
956,Anvi Trivedi,sharafishaan@example.org,05084684876,Bilaspur,Manipur,2026-06-09
957,Ishwar Chanda,gandhibahadurjit@example.com,00622728932,Sultan Pur Majra,Madhya Pradesh,2026-04-30
958,Advaith Ram,aarini29@example.org,+917048726555,Maheshtala,Haryana,2025-12-15
959,Ranveer Jhaveri,sanyakuruvilla@example.com,06040958902,Mysore,Tamil Nadu,2025-12-14
960,Radha Bobal,jhamohini@example.org,+913900381325,Visakhapatnam,West Bengal,2024-12-12
961,Pavani Golla,knarain@example.org,7585162198,Avadi,Madhya Pradesh,2024-05-24
962,Urvi Goel,mayaiyer@example.com,05878543425,Bareilly,Telangana,2025-05-19
963,Frederick Barad,rastogikrishna@example.com,04534754464,Raipur,Arunachal Pradesh,2026-06-02
964,Vidhi Bose,waida55@example.com,+913768227213,Gangtok,Nagaland,2026-05-21
965,Mitali Wagle,binagolla@example.net,00422246044,Haldia,Karnataka,2024-08-28
966,Hema Bhakta,sthakkar@example.net,07620264214,Bhalswa Jahangir Pur,Kerala,2025-12-09
967,Jagvi Pandit,tellaneel@example.org,4486514583,Phusro,Bihar,2025-05-14
968,Chaitaly Chaudry,kzachariah@example.org,05005285247,Erode,Jharkhand,2025-12-31
969,Lucky Yohannan,sarinadvik@example.net,06008416832,Sambhal,Manipur,2023-12-26
970,Samuel Narasimhan,fgara@example.net,2440281421,Hospet,Sikkim,2024-10-10
971,Jhalak Gandhi,chavvisoman@example.net,2308630282,Nangloi Jat,Madhya Pradesh,2025-02-23
972,Shravya Chacko,virknicholas@example.net,5203072749,Davanagere,Gujarat,2024-12-03
973,Ucchal Kashyap,gilltripti@example.org,+918680088439,Moradabad,Uttarakhand,2025-06-03
974,Ekaraj Dey,nimrat77@example.org,4273870613,Mango,Uttar Pradesh,2023-12-07
975,Pranav Tiwari,girindra05@example.net,+912224588666,Jabalpur,Sikkim,2026-02-02
976,Lipika Kaur,jonathan19@example.org,09625955354,Ambarnath,Bihar,2024-08-26
977,Lavanya Dass,wpal@example.net,+917204217773,Gangtok,Tripura,2024-12-28
978,Urvi Gour,mekhala33@example.org,6669061209,Narasaraopet,Gujarat,2025-05-31
979,Ayushman Bali,virkaahana@example.com,00616804862,Delhi,Uttarakhand,2026-05-05
980,Yashodhara Basak,tanvi30@example.com,+918528325729,Panipat,Maharashtra,2024-09-01
981,Anika Sahni,warhi20@example.com,3192339300,Khora ,Chhattisgarh,2024-03-30
982,Rachita Madan,rgala@example.org,+913726842605,Sultan Pur Majra,Telangana,2025-05-04
983,Gautam Srinivas,qdeshpande@example.com,04046753609,Bhimavaram,West Bengal,2024-05-28
984,Zashil Batra,atharvsolanki@example.org,2265930244,Sultan Pur Majra,Himachal Pradesh,2023-12-17
985,Gavin Nayar,matthewbehl@example.com,8887522535,Anantapur,Rajasthan,2025-07-31
986,Brijesh Hans,tuppal@example.net,6262175347,Sasaram,Uttar Pradesh,2025-09-15
987,Dakshesh Parmer,hritikbains@example.com,+917079059251,Gulbarga,Bihar,2024-02-06
988,Oviya Deol,hansaryan@example.com,+911806288909,Malegaon,Telangana,2025-03-02
989,Anusha Dutta,dhillondhriti@example.net,9199774690,Ahmedabad,Manipur,2023-09-16
990,Gauri Karpe,baljiwan31@example.com,+912157872863,Dharmavaram,Gujarat,2024-04-21
991,Harshil Shere,edhitha83@example.net,08534063881,Jammu,Bihar,2025-03-20
992,Caleb Gour,kamala86@example.com,07789536821,Udaipur,Bihar,2025-04-14
993,Eesha Randhawa,znatarajan@example.net,+914650655470,Jabalpur,Nagaland,2026-04-13
994,Garima Ganguly,gdey@example.org,+918067623679,Pimpri-Chinchwad,Chhattisgarh,2024-09-28
995,Jeremiah Ratta,brahmbhattekta@example.com,8958547038,Raichur,Arunachal Pradesh,2024-08-28
996,Vrishti Halder,jalsasant@example.net,03780428096,Dewas,Kerala,2026-03-05
997,Vanya Kari,behldhruv@example.net,+919829098235,Ongole,Himachal Pradesh,2024-08-21
998,Tarak Batta,korpalanirudh@example.net,01556992044,Pimpri-Chinchwad,Nagaland,2024-10-31
999,Maanav Khare,pahal79@example.org,9796378363,Kanpur,Himachal Pradesh,2023-11-03
1000,Balhaar Sathe,charannagi@example.org,+915121712247,Sultan Pur Majra,Karnataka,2025-01-26
